timestamp,acc_x,acc_y,acc_z,gyro_x,gyro_y,gyro_z,x,y
0.073,-1.8807586,5.992824,7.335796,0.0,0.0,0.0
0.14,-1.8711873,5.8396835,7.6516485,-0.10888352,-0.07742489,0.20585553
0.16,-1.7802601,5.901897,8.029715,-0.09910997,-0.0077883024,0.07269082
0.187,-1.7706888,5.9114685,8.130213,-0.09910997,-0.032222193,0.06658235
0.213,-1.6558332,6.117251,8.240283,-0.17118995,-0.07986828,0.12033691
0.233,-1.6941184,5.877969,8.14457,-0.21639264,-0.14950487,0.1007898
0.253,-1.6893328,5.6913285,7.9914293,-0.23838314,-0.14828317,0.038483378
0.275,-1.6271194,5.7391853,7.9340014,-0.22860959,-0.12629268,-0.029931515
0.296,-1.5266209,5.8061843,7.8957167,-0.16996825,-0.09575031,-0.02015796
0.317,-1.5314065,5.8301125,7.8430743,-0.10521844,-0.05054761,0.012827792
0.339,-1.5601203,5.7631135,7.967501,-0.025808297,-0.0077883024,0.05070032
0.36,-1.5744773,5.7248282,8.077571,0.025502874,0.015423893,0.073912516
0.381,-1.6175481,5.686543,8.087142,0.034054734,0.017867282,0.073912516
0.402,-1.6654046,5.619544,8.048857,0.038941514,0.023975754,0.049478628
0.424,-1.6223338,5.6674004,8.053643,0.029167956,0.039857782,0.014049487
0.445,-1.6414764,5.81097,8.125427,0.023059484,0.03130592,0.011606098
0.466,-1.6414764,5.7870417,8.14457,0.010842538,-4.5813544E-4,0.034818295
0.487,-1.5984055,5.753542,8.053643,-0.013591352,-0.010231691,0.037261683
0.509,-1.579263,5.6961145,7.919645,-0.028251685,-0.0053449133,0.010384403
0.53,-1.6414764,5.686543,7.919645,-0.03191677,0.032527618,-0.018936265
0.551,-1.5840486,5.8061843,7.9387875,-0.023364907,0.05451812,-0.027488127
0.573,-1.6127625,5.858826,7.996215,-0.014813046,0.0801737,-0.004275931
0.594,-1.6510476,5.844469,8.082356,-0.0062611843,0.09361234,0.015271181
0.615,-1.7515461,5.710471,8.292925,0.0047340663,0.06429167,0.009162709
0.636,-1.7611175,5.7391853,8.273783,-0.0038177953,0.02519745,-0.0030542363
0.656,-1.7084754,5.820541,8.173284,-0.011147963,0.016645588,-0.004275931
0.677,-1.7084754,5.8827543,8.216354,-0.022143213,0.015423893,0.02260135
0.698,-1.6749759,5.782256,8.192427,-0.019699825,0.009315421,0.048256934
0.719,-1.698904,5.7200427,8.178069,-0.011147963,-0.013896775,0.054365408
0.741,-1.6558332,5.8636117,8.192427,-0.011147963,-0.05054761,0.06536066
0.762,-1.6223338,5.77747,8.14457,-0.03802524,-0.07986828,0.0787993
0.783,-1.5409778,5.849255,8.063214,-0.0697893,-0.10430217,0.09345963
0.804,-1.5361922,5.77747,8.0201435,-0.09910997,-0.11163234,0.09834641
0.824,-1.4644074,5.767899,7.9914293,-0.12843063,-0.10552386,0.08735116
0.845,-1.4644074,5.7487564,8.058429,-0.1577513,-0.08842014,0.070247434
0.866,-1.4931214,5.6386867,8.068,-0.16630317,-0.08719844,0.043370154
0.887,-1.5314065,5.6004014,8.053643,-0.16996825,-0.084755056,0.012827792
0.909,-1.4787644,5.672186,8.130213,-0.16385978,-0.096972,0.012827792
0.93,-1.4452649,5.7200427,8.091928,-0.14919944,-0.109188944,0.04459185
0.951,-1.4261223,5.7056856,7.986644,-0.13942589,-0.068873025,0.067804046
0.972,-1.430908,5.6004014,8.039286,-0.10888352,-0.04688253,0.064138964
0.992,-1.3926228,5.5477595,8.015358,-0.08078455,-0.02367033,0.045813546
1.013,-1.3543376,5.562116,8.039286,-0.05635066,-0.00167983,0.037261683
1.034,-1.3160524,5.6004014,8.048857,-0.039246935,0.027640838,0.038483378
1.055,-1.3878372,5.605187,8.221141,-0.036803547,0.05451812,0.034818295
1.076,-1.4213367,5.5046883,8.374281,-0.023364907,0.032527618,0.012827792
1.098,-1.3974084,5.5573306,8.264212,-0.029473381,7.635591E-4,-0.007941014
1.118,-1.2969099,5.6243296,8.230712,-0.039246935,0.006872032,-0.014049487
1.138,-1.3112668,5.562116,8.283354,-0.052685577,0.021532366,-0.015271181
1.16,-1.2921243,5.5669017,8.359924,-0.051463883,-0.011453386,-0.018936265
1.18,-1.3016955,5.6004014,8.292925,-0.05390727,-0.037108973,-0.017714571
1.2,-1.2394822,5.6099725,8.307282,-0.06368083,-0.02611372,-0.010384403
1.221,-1.3064811,5.5716877,8.307282,-0.07101099,-0.02367033,-0.014049487
1.242,-1.2777673,5.456832,8.278568,-0.088114716,-0.02367033,-0.026266431
1.263,-1.2729816,5.428118,8.29771,-0.10521844,-0.0053449133,-0.04459185
1.283,-1.3208381,5.48076,8.393424,-0.10155336,-0.0077883024,-0.05803049
1.303,-1.3160524,5.5477595,8.402995,-0.082006246,-0.02611372,-0.045813546
1.325,-1.3016955,5.5573306,8.359924,-0.057572354,-0.035887275,-0.021379653
1.346,-1.2873386,5.5429735,8.264212,-0.04291202,-0.0151184695,-0.0030542363
1.368,-1.3160524,5.4520464,8.235497,-0.022143213,0.015423893,0.004275931
1.389,-1.3351951,5.4424753,8.249854,0.0071774554,0.027640838,-0.004275931
1.409,-1.3208381,5.4759746,8.216354,0.014507622,0.039857782,-0.011606098
1.429,-1.3160524,5.495117,8.302496,0.009620844,0.04963134,-0.007941014
1.45,-1.3256238,5.4903316,8.39821,-0.007482879,0.044744562,-6.1084726E-4
1.47,-1.3878372,5.428118,8.446066,-0.023364907,0.02275406,0.00671932
1.49,-1.4596218,5.375476,8.431708,-0.03436016,-0.0029015245,-0.0030542363
1.512,-1.4117653,5.3563333,8.383852,-0.025808297,-0.0053449133,-0.016492875
1.533,-1.4356936,5.375476,8.350353,-0.00503949,0.019088976,-0.018936265
1.554,-1.4213367,5.3706903,8.446066,0.008399149,0.0361927,-0.012827792
1.576,-1.430908,5.346762,8.469994,0.026724568,0.02275406,-0.010384403
1.597,-1.4117653,5.389833,8.355139,0.03283304,0.009315421,-0.00671932
1.618,-1.4069797,5.413761,8.326425,0.029167956,0.02275406,-6.1084726E-4
1.639,-1.416551,5.380262,8.340781,0.031611346,0.026419144,0.014049487
1.659,-1.4261223,5.365905,8.33121,0.029167956,0.027640838,0.02015796
1.68,-1.430908,5.3563333,8.335996,0.0193944,0.028862532,0.015271181
1.701,-1.4404793,5.40419,8.340781,-1.5271181E-4,0.032527618,0.02015796
1.722,-1.4835501,5.365905,8.383852,-0.014813046,0.026419144,0.02015796
1.743,-1.4548361,5.3706903,8.355139,-0.024586603,0.014202199,0.02260135
1.763,-1.4117653,5.389833,8.340781,-0.024586603,0.021532366,0.025044737
1.784,-1.3686945,5.4089756,8.374281,-0.016034741,0.02275406,0.028709821
1.805,-1.3734802,5.3946185,8.446066,-0.020921519,0.019088976,0.027488127
1.826,-1.3639089,5.365905,8.4604225,-0.020921519,0.006872032,0.021379653
1.846,-1.3064811,5.40419,8.431708,-0.012369657,-0.013896775,0.016492875
1.867,-1.2969099,5.432904,8.355139,-0.012369657,-0.01267508,0.026266431
1.888,-1.2969099,5.3994045,8.33121,-0.014813046,0.003206948,0.029931515
1.909,-1.3447664,5.332405,8.388638,-0.012369657,0.01175881,0.017714571
1.931,-1.2921243,5.3611193,8.335996,-1.5271181E-4,0.009315421,0.005497625
1.952,-1.268196,5.3946185,8.374281,0.0035123718,0.0056503373,0.016492875
1.973,-1.2969099,5.389833,8.369495,-0.0025961008,0.003206948,0.027488127
1.994,-1.3208381,5.365905,8.316854,-0.007482879,-0.01267508,0.02260135
2.015,-1.3686945,5.3994045,8.302496,-0.028251685,-0.0053449133,0.010384403
2.037,-1.3351951,5.4376893,8.359924,-0.041690327,0.003206948,0.015271181
2.058,-1.416551,5.389833,8.383852,-0.03436016,-0.010231691,0.021379653
2.079,-1.3686945,5.380262,8.369495,-0.03436016,-0.028557109,0.014049487
2.099,-1.3304094,5.432904,8.321639,-0.047798797,-0.0151184695,0.011606098
2.119,-1.3447664,5.3994045,8.326425,-0.055128966,-0.0077883024,0.012827792
2.141,-1.3830515,5.365905,8.355139,-0.05390727,-0.0053449133,0.014049487
2.162,-1.3639089,5.322834,8.426923,-0.04535541,-0.01267508,0.010384403
2.183,-1.3591232,5.3611193,8.383852,-0.05390727,-0.029778805,0.007941014
2.205,-1.3208381,5.4520464,8.321639,-0.06001574,-0.04199575,0.00671932
2.226,-1.3304094,5.5046883,8.292925,-0.06734591,-0.028557109,0.00671932
2.247,-1.3974084,5.523831,8.288139,-0.052685577,-0.0151184695,0.012827792
2.27,-1.402194,5.51426,8.278568,-0.03802524,-0.010231691,0.015271181
2.29,-1.3830515,5.528617,8.33121,-0.033138465,-0.004123219,0.021379653
2.311,-1.3543376,5.4759746,8.273783,-0.03191677,-0.010231691,0.023823043
2.332,-1.3160524,5.4999027,8.187641,-0.027029991,-4.5813544E-4,0.021379653
2.352,-1.3208381,5.432904,8.206783,-0.036803547,0.015423893,0.02260135
2.373,-1.3447664,5.389833,8.240283,-0.039246935,0.016645588,0.021379653
2.394,-1.3926228,5.3515477,8.235497,-0.04535541,0.015423893,0.015271181
2.415,-1.3878372,5.365905,8.25464,-0.068567604,0.017867282,0.0030542363
2.436,-1.3926228,5.337191,8.321639,-0.08933641,0.023975754,-0.011606098
2.458,-1.4883357,5.279763,8.44128,-0.09544489,0.01175881,-0.018936265
2.479,-1.4787644,5.298906,8.431708,-0.08689302,-0.040774055,-0.02015796
2.5,-1.3734802,5.2893343,8.25464,-0.08322794,-0.051769305,-0.014049487
2.522,-1.3208381,5.265406,8.134998,-0.08567133,-0.022448637,-0.011606098
2.543,-1.3399807,5.2893343,8.154141,-0.08933641,0.010537115,-0.011606098
2.564,-1.3686945,5.3036914,8.259425,-0.09422319,0.026419144,-0.014049487
2.585,-1.4500505,5.2462635,8.283354,-0.10766183,0.042301174,-0.023823043
2.605,-1.4644074,5.2366924,8.345567,-0.11987878,0.04963134,-0.037261683
2.626,-1.4739788,5.2941203,8.388638,-0.12965234,0.03863609,-0.04214846
2.647,-1.4356936,5.3276196,8.374281,-0.1369825,0.039857782,-0.040926766
2.668,-1.5122639,5.2606206,8.465208,-0.1369825,0.04718795,-0.0555871
2.689,-1.5361922,5.2941203,8.513064,-0.12476555,0.05451812,-0.073912516
2.711,-1.5457634,5.3611193,8.469994,-0.103996746,0.053296424,-0.07146913
2.732,-1.5553347,5.40419,8.426923,-0.06734591,0.03863609,-0.054365408
2.754,-1.5074782,5.432904,8.283354,-0.04535541,0.044744562,-0.03970507
2.775,-1.5409778,5.4999027,8.268997,-0.027029991,0.069178455,-0.03970507
2.796,-1.416551,5.6243296,8.268997,-0.023364907,0.09605573,-0.029931515
2.817,-1.3878372,5.562116,8.422137,-0.041690327,0.11560284,-0.0018325418
2.839,-1.5266209,5.375476,8.613564,-0.07711947,0.13148487,6.1084726E-4
2.86,-1.6271194,5.21755,8.895916,-0.08322794,0.091168955,-0.045813546
2.881,-1.5170496,5.21755,8.99163,-0.08567133,0.026419144,-0.10689827
2.902,-1.430908,5.117051,9.053843,-0.106440134,-0.033443887,-0.1435491
2.924,-1.3304094,5.083552,9.053843,-0.11743539,-0.11529742,-0.18142164
2.945,-1.1724831,5.1936216,8.857632,-0.11987878,-0.19715095,-0.19119519
2.967,-1.0097711,5.083552,8.757133,-0.12476555,-0.23991026,-0.1899735
2.988,-0.8039884,4.983053,8.632706,-0.15042114,-0.23624517,-0.21074231
3.009,-0.75613195,4.8155556,8.412566,-0.18340689,-0.14706148,-0.23028941
3.03,-0.8039884,4.772485,8.455637,-0.19684553,-0.021226943,-0.24372806
3.05,-0.7848458,4.6145587,8.833703,-0.16385978,-0.006566608,-0.2327328
3.07,-0.66999036,4.604987,9.049057,-0.09544489,-0.0981937,-0.20219044
3.091,-0.6364908,4.6002016,8.857632,-0.019699825,-0.19348587,-0.16309622
3.111,-0.65084773,4.485346,8.747561,0.040163208,-0.19837265,-0.16309622
3.132,-0.5455636,4.499703,8.59442,0.11102149,-0.18371232,-0.19119519
3.153,-0.41635114,4.638487,8.55135,0.1537808,-0.13973132,-0.2131857
3.174,-0.37806597,4.743771,8.623135,0.15866758,-0.0981937,-0.22418094
3.194,-0.51206404,4.853841,8.522636,0.14278555,-0.0762032,-0.24250636
3.215,-0.5886344,4.9495535,8.522636,0.09758285,-0.0749815,-0.2754921
3.236,-0.5168497,5.0213385,8.503493,0.035276428,-0.07131642,-0.31214294
3.257,-0.52163535,5.0165524,8.541779,-0.03436016,-0.08353336,-0.3475721
3.277,-0.5982057,4.968696,8.541779,-0.06490252,-0.122627586,-0.3915531
3.298,-0.5982057,5.0739803,8.446066,-0.07345438,-0.17027368,-0.41354358
3.318,-0.55034924,5.117051,8.402995,-0.097888276,-0.17027368,-0.4111002
3.339,-0.6269195,5.083552,8.393424,-0.09422319,-0.14706148,-0.40743512
3.359,-0.7178468,5.035695,8.422137,-0.04046863,-0.13850962,-0.42698222
3.38,-0.71306115,5.0979085,8.412566,0.024281178,-0.13240114,-0.44530764
3.4,-0.6125626,5.298906,8.288139,0.07681404,-0.1201842,-0.42942563
3.422,-0.5694918,5.4616175,8.221141,0.10246963,-0.109188944,-0.37200597
3.444,-0.47377887,5.5908303,8.063214,0.11224318,-0.100637086,-0.3011477
3.464,-0.42592242,5.581259,8.001,0.10613471,-0.08353336,-0.26571855
3.486,-0.4881358,5.619544,7.967501,0.07559235,-0.035887275,-0.26816195
3.507,-0.5599205,5.676972,8.158927,0.042606596,0.01175881,-0.28282228
3.528,-0.66999036,5.8157554,8.55135,0.03771982,-0.018783553,-0.28404397
3.548,-0.6795616,6.007181,8.632706,0.053601846,-0.06765133,-0.26938364
3.568,-0.74177504,6.141179,8.656634,0.058488626,-0.08842014,-0.2339545
3.588,-0.971486,6.174679,8.785847,0.053601846,-0.078646585,-0.21685077
3.608,-1.1772687,6.212964,8.943773,0.07437065,-0.0762032,-0.22784603
3.629,-1.2586247,6.3278193,9.149555,0.10491302,-0.08964183,-0.22784603
3.651,-1.3208381,6.437889,9.202198,0.14645062,-0.1421747,-0.19608197
3.671,-1.3112668,6.5479593,8.967701,0.15500249,-0.13850962,-0.15332267
3.691,-1.4739788,6.600601,8.804989,0.11468657,-0.0029015245,-0.099568106
3.711,-1.8664017,6.4666033,8.996415,0.06704049,0.17424418,-0.056808796
3.732,-2.2492533,6.3804617,9.312267,0.040163208,0.2597628,-0.0030542363
3.752,-2.4311078,5.973682,9.474979,-0.0025961008,0.28786176,0.09712471
3.772,-2.3784657,5.710471,9.427123,-0.082006246,0.33428615,0.211964
3.792,-2.5507488,5.3515477,9.580264,-0.21150586,0.39414918,0.29503924
3.813,-2.8378878,4.782056,10.015758,-0.31901497,0.27564484,0.2974826
3.833,-2.9336007,4.3561335,9.910473,-0.290916,-0.00167983,0.26327518
3.853,-3.5940197,4.375276,7.44108,-0.11987878,-0.18371232,0.20707722
3.877,-2.0721843,4.935197,8.718847,0.17332791,-0.15194826,0.22295925
3.897,-1.6797615,4.6576295,8.173284,0.11102149,-0.07986828,0.46974155
3.918,-1.942972,3.867998,8.068,0.056045234,7.635591E-4,0.49784052
3.939,-2.1774685,3.6287155,7.886145,0.015729317,0.11804623,0.37200597
3.959,-2.158326,3.6861434,8.240283,-0.0062611843,0.17668757,0.26083177
3.98,-2.143969,3.757928,8.55135,0.0193944,0.07895201,0.20463383
4.0,-1.9764715,4.0067816,8.484351,0.052380152,-0.051769305,0.21440738
4.021,-1.7898313,4.0977087,8.091928,0.09025268,-0.184934,0.25350162
4.041,-1.5409778,4.1790648,7.5846496,0.09147438,-0.20692451,0.24128467
4.061,-1.3112668,4.3178487,7.2209406,0.07070557,-0.13606623,0.19241689
4.082,-1.1820544,4.537988,6.95773,0.03771982,-0.0053449133,0.13255386
4.103,-1.282553,4.671986,7.1012993,0.026724568,0.13270657,0.086129464
4.124,-1.4213367,4.782056,7.4123664,0.042606596,0.15103199,0.086129464
4.144,-1.5314065,4.7916274,7.656434,0.06215371,0.07895201,0.092237934
4.165,-1.4261223,4.9064827,7.5702925,0.05971032,0.016645588,0.06902574
4.186,-1.268196,5.0739803,7.508079,0.020616096,-0.027335415,0.017714571
4.207,-1.1246266,5.241478,7.55115,-0.014813046,-0.054212693,-0.034818295
4.227,-1.0432707,5.5046883,7.5846496,-0.036803547,-0.084755056,-0.07269082
4.247,-0.9954142,5.662615,7.5846496,-0.04046863,-0.08719844,-0.086129464
4.268,-0.89013004,5.753542,7.795218,-0.044133715,-0.059099473,-0.1007898
4.29,-0.8709874,5.8971114,7.9340014,-0.039246935,-0.013896775,-0.12155861
4.311,-1.0097711,6.0167527,8.469994,-0.03436016,0.05451812,-0.13499725
4.332,-1.3256238,6.0837517,9.053843,0.008399149,0.026419144,-0.13988402
4.354,-1.4548361,6.1698933,9.431909,0.057266932,-0.060321167,-0.13377555
4.374,-1.4261223,6.1603217,9.891331,0.09880454,-0.20325942,-0.12155861
4.396,-1.3064811,6.2177496,9.714262,0.07437065,-0.20692451,-0.14110571
4.416,-1.6079768,6.0981083,10.17847,-0.030695075,0.039857782,-0.1899735
4.436,-2.009971,5.844469,11.169098,-0.039246935,0.026419144,-0.21685077
4.456,-2.268396,5.8731833,11.240883,-0.0025961008,-0.12384928,-0.20219044
4.476,-2.349752,5.629115,10.901102,-0.0013744063,-0.2545706,-0.13621894
4.499,-2.1966112,5.1936216,10.470394,-0.05635066,-0.4097258,-0.034818295
4.519,-1.995614,4.619344,9.685548,-0.08689302,-0.46103698,0.012827792
4.541,-1.7706888,4.4374895,9.0347,-0.068567604,-0.39873055,0.02015796
4.564,-1.6606189,4.3465624,8.508279,-0.075897776,-0.17516045,0.037261683
4.584,-1.8233309,4.011567,8.62792,-0.07711947,0.0019852535,0.0775776
4.604,-1.9573289,3.8201413,8.910274,-0.03802524,-0.0029015245,0.1227803
4.625,-1.847259,3.6478581,8.948559,0.0132859275,-0.13728791,0.15454435
4.646,-1.5026926,3.5617166,8.69492,0.010842538,-0.21303298,0.15576605
4.668,-1.3112668,3.4516466,8.422137,-1.5271181E-4,-0.21669807,0.124001995
4.689,-1.2107682,3.4133615,8.182856,0.031611346,-0.24235365,0.0787993
4.71,-1.0145568,3.5377884,7.8335032,0.10613471,-0.2533489,0.04703524
4.732,-0.8279166,3.7100716,7.484151,0.15133741,-0.1641652,0.04459185
4.752,-0.59342,3.8823547,7.340582,0.16599774,-0.027335415,0.060473878
4.772,-0.57906306,3.9158542,7.402795,0.15622419,0.16324893,0.059252184
4.793,-0.7896315,3.9637108,7.704291,0.14400724,0.31718245,0.04459185
4.813,-0.91884387,4.0163527,7.9914293,0.13423368,0.36360684,0.05314371
4.833,-1.0767702,4.159922,8.374281,0.11102149,0.31229568,0.083686076
4.855,-1.0193424,4.2795634,8.541779,0.06704049,0.1925696,0.117893524
4.876,-0.91884387,4.3465624,8.426923,-0.027029991,0.069178455,0.10689827
4.896,-0.72741807,4.4662037,8.240283,-0.08689302,0.014202199,0.056808796
4.917,-0.5024927,4.633701,8.096714,-0.14553437,-0.049325917,-0.015271181
4.94,-0.2727818,4.944768,7.986644,-0.16263808,-0.054212693,-0.049478628
4.96,-0.086141616,5.2223353,7.900502,-0.1565296,0.0056503373,-0.05314371
4.98,-0.17228323,5.3994045,8.206783,-0.12720895,0.19745637,-0.051922016
5.0,-0.43070808,5.428118,8.800203,-0.047798797,0.27197975,-0.034818295
5.021,-0.6269195,5.447261,9.163913,0.036498122,0.26709297,-0.011606098
5.041,-0.85184485,5.528617,9.446265,0.08903099,0.24876754,-6.1084726E-4
5.061,-1.0624132,5.6243296,9.58505,0.109799795,0.23288552,-0.012827792
5.083,-1.2490535,5.8396835,9.666406,0.11835165,0.22677705,-0.023823043
5.104,-1.4356936,6.265606,9.632906,0.13667707,0.22799873,0.018936265
5.124,-1.8520447,6.212964,9.742975,0.103691325,0.29274854,0.108119965
5.145,-2.0721843,6.0023956,10.0779705,0.08903099,0.24510247,0.20585553
5.167,-2.1535404,5.791827,9.958329,-0.0025961008,0.16202724,0.3426853
5.187,-2.239682,5.2031927,10.097114,-0.13087402,0.081395395,0.40010494
5.207,-2.268396,4.7581277,10.044471,-0.19562383,-0.14706148,0.3915531
5.228,-1.942972,4.4662037,9.427123,-0.19440214,-0.34131092,0.31458634
5.25,-1.4931214,4.4662037,8.685348,-0.20661908,-0.30710346,0.24128467
5.271,-1.3974084,4.59063,8.268997,-0.26159534,-0.04688253,0.21929416
5.291,-1.8089739,4.341777,8.618349,-0.27869907,0.23166382,0.21685077
5.312,-2.1535404,4.054638,9.135199,-0.22127941,0.31107396,0.21440738
5.332,-2.3306093,3.9637108,9.513265,-0.075897776,0.20112146,0.21685077
5.352,-2.143969,4.011567,9.40798,0.05482354,-0.0151184695,0.23639789
5.374,-1.7228323,4.1838503,8.556135,0.15133741,-0.20081604,0.25350162
5.394,-1.3639089,4.298706,7.9100733,0.19287503,-0.28999972,0.2522799
5.416,-1.0145568,4.4279184,7.36451,0.20020519,-0.2765611,0.22540264
5.437,-0.7178468,4.6097727,7.0486574,0.18798824,-0.19104248,0.19119519
5.458,-0.57427746,4.715057,6.9481587,0.1537808,-0.059099473,0.15943113
5.48,-0.60777694,4.705486,7.1730843,0.09025268,0.12048962,0.11667182
5.5,-0.95712906,4.6289153,7.77129,0.023059484,0.26342788,0.06658235
5.523,-1.2969099,4.5858445,8.383852,0.0022906773,0.26464957,0.040926766
5.543,-1.4739788,4.5044885,8.761918,0.029167956,0.11438115,0.026266431
5.565,-1.416551,4.5762734,8.752347,0.07437065,-0.08108997,-0.011606098
5.586,-1.1676974,4.8299127,8.321639,0.0865876,-0.17516045,-0.06536066
5.606,-1.0145568,5.1122656,7.9100733,0.07314896,-0.18126893,-0.09834641
5.627,-0.90448695,5.2606206,7.7760754,0.051158458,-0.18249062,-0.11056335
5.647,-0.7369894,5.447261,7.589435,0.035276428,-0.2093679,-0.10445488
5.668,-0.4833502,5.6961145,7.350153,0.005955761,-0.23502348,-0.08857285
5.688,-0.3684947,5.8301125,7.192227,-0.05635066,-0.17638214,-0.073912516
5.709,-0.4211368,5.844469,7.2496543,-0.14797775,0.004428643,-0.08246438
5.73,-0.74177504,5.6913285,8.044071,-0.18951537,0.13270657,-0.11911522
5.75,-1.0241281,5.710471,8.761918,-0.15286453,0.07773031,-0.14721419
5.771,-1.119841,5.8396835,9.029915,-0.08689302,-0.048104223,-0.1435491
5.791,-0.94755775,6.088537,9.077771,-0.013591352,-0.19837265,-0.10689827
5.812,-0.7609176,6.1363935,9.072986,0.016951011,-0.27900448,-0.09590302
5.833,-0.56470615,6.1268225,9.077771,-0.017256435,-0.22036316,-0.1435491
5.853,-0.56470615,5.99761,9.546764,-0.07956286,-0.07009472,-0.20952061
5.875,-0.7752745,5.8540406,10.154541,-0.112548605,0.0361927,-0.26938364
5.895,-1.0959128,5.6099725,10.456037,-0.12965234,0.13759334,-0.29259583
5.917,-1.7467605,5.1553364,10.661819,-0.12354386,0.24632415,-0.28037888
5.937,-2.3018954,4.7007003,10.89153,-0.029473381,0.17546588,-0.24372806
5.958,-2.292324,4.3322053,10.508678,0.15500249,-0.12873606,-0.1655396
5.979,-1.6175481,4.188636,9.384052,0.27472857,-0.33275905,-0.10689827
6.0,-0.9236295,4.1647077,8.36471,0.30649263,-0.3193204,-0.07146913
6.02,-0.44985065,4.1407795,7.8335032,0.22219568,-0.01267508,-0.083686076
6.04,-0.4211368,4.0737805,8.211569,0.14645062,0.22555535,-0.08979455
6.061,-0.5886344,4.0354953,8.709276,0.11346488,0.33428615,-0.067804046
6.084,-0.7082755,4.011567,8.982058,0.09513946,0.3208475,-0.007941014
6.106,-0.90448695,3.9445682,9.149555,0.06826218,0.2170035,0.05314371
6.127,-0.98584294,3.8536408,9.053843,0.04871507,0.09239065,0.073912516
6.147,-0.8757731,3.9684963,8.690134,0.027946262,-0.027335415,0.07146913
6.167,-0.72263247,4.126423,8.292925,0.0010689828,-0.11285403,0.06658235
6.187,-0.63170516,4.2221355,7.929216,-0.0062611843,-0.110410646,0.060473878
6.207,-0.5312066,4.3465624,7.728219,-0.016034741,-0.028557109,0.05803049
6.227,-0.5455636,4.470989,7.752147,-0.0025961008,0.050853033,0.06902574
6.247,-0.5886344,4.566702,7.919645,0.020616096,0.10827268,0.10323319
6.267,-0.64606214,4.62413,7.986644,0.04382829,0.11560284,0.13499725
6.288,-0.66999036,4.6145587,7.929216,0.053601846,0.10094251,0.14843589
6.309,-0.5455636,4.729414,7.780861,0.042606596,0.091168955,0.14599249
6.329,-0.4211368,4.877769,7.6947193,0.0035123718,0.119267926,0.14110571
6.35,-0.3493521,5.0165524,7.7617183,-0.039246935,0.16447063,0.13499725
6.371,-0.3493521,5.160122,7.8670025,-0.082006246,0.22311196,0.11911522
6.392,-0.38763726,5.2701917,8.206783,-0.12110047,0.2585411,0.09834641
6.412,-0.38763726,5.346762,8.560922,-0.14309096,0.24876754,0.080020994
6.433,-0.41635114,5.51426,8.771489,-0.1577513,0.22677705,0.061695572
6.453,-0.4546363,5.6386867,9.029915,-0.16141638,0.18157434,0.04459185
6.475,-0.39720857,5.686543,9.072986,-0.14431266,0.07773031,0.02260135
6.495,-0.3062813,5.825327,8.867203,-0.13942589,0.033749312,-0.007941014
6.515,-0.37806597,5.9449677,8.871988,-0.13453911,0.07773031,-0.025044737
6.537,-0.66041905,5.9641104,9.173484,-0.07101099,0.14003673,-0.021379653
6.559,-0.971486,5.916254,9.561121,0.06215371,0.113159455,0.00671932
6.579,-1.1102697,5.8636117,9.498908,0.17210622,0.14370182,0.059252184
6.601,-1.4739788,5.686543,9.40798,0.21730891,0.3257343,0.10567658
6.621,-2.0003998,5.7248282,9.719048,0.23441264,0.46256408,0.13377555
6.643,-2.4119651,5.629115,9.876974,0.18920994,0.52242714,0.21807247
6.665,-2.5698915,5.4903316,10.0779705,0.08414421,0.4185831,0.33779854
6.685,-2.5124638,5.2223353,10.087543,-0.03191677,0.12781979,0.459968
6.707,-2.2301106,4.81077,9.546764,-0.114992,-0.21303298,0.50272727
6.728,-1.8376877,4.5523453,8.656634,-0.16263808,-0.39628717,0.4355341
6.75,-1.5170496,4.456632,7.900502,-0.20784079,-0.30466008,0.3268033
6.771,-1.4261223,4.5475593,7.670791,-0.23716144,-0.048104223,0.25716668
6.791,-1.6175481,4.5714874,7.9100733,-0.22860959,0.22677705,0.24861483
6.812,-2.024328,4.389633,8.455637,-0.1797418,0.36849362,0.26083177
6.833,-2.1918256,4.2556353,8.886345,-0.08078455,0.282975,0.28282228
6.853,-2.009971,4.2508492,8.900702,0.010842538,0.07895201,0.3011477
6.874,-1.5026926,4.3561335,8.168498,0.06826218,-0.10185878,0.28526568
6.896,-1.0336994,4.5188456,7.5320077,0.069483876,-0.13973132,0.23028941
6.917,-0.6939186,4.7341995,7.120442,0.014507622,-0.011453386,0.17286977
6.938,-0.67477596,4.7772703,7.240083,-0.050242186,0.13148487,0.11300674
6.96,-0.8039884,4.7246284,7.512865,-0.07711947,0.19623469,0.05803049
6.98,-0.90448695,4.7629137,7.73779,-0.068567604,0.2121167,0.017714571
7.0,-0.9762716,4.863412,7.9627156,-0.052685577,0.20722993,0.007941014
7.021,-1.0576276,4.820341,8.091928,-0.028251685,0.20478654,0.0018325418
7.043,-1.2107682,4.7341995,8.283354,-0.0013744063,0.18890451,-0.021379653
7.064,-1.3304094,4.7581277,8.436495,0.047493376,0.09483404,-0.064138964
7.086,-1.1772687,4.944768,8.221141,0.10124794,-0.03955236,-0.086129464
7.106,-0.89013004,5.2127643,7.953144,0.11712996,-0.08108997,-0.08246438
7.127,-0.8422736,5.380262,7.8239317,0.09636115,-0.049325917,-0.083686076
7.149,-0.8470592,5.538188,7.8909307,0.069483876,0.0056503373,-0.10445488
7.171,-0.8422736,5.743971,8.120642,0.0413849,0.04718795,-0.11178505
7.192,-0.8709874,5.9066825,8.436495,-0.009926268,0.08628218,-0.09468132
7.213,-0.9954142,5.973682,8.867203,-0.08322794,0.08506048,-0.09468132
7.234,-1.1150553,5.9353967,9.250054,-0.1565296,0.010537115,-0.114228435
7.255,-1.3064811,5.9114685,9.570692,-0.17363334,-0.12751436,-0.14965758
7.276,-1.3878372,6.0215383,9.62812,-0.14064758,-0.2936648,-0.20219044
7.297,-1.2346965,6.265606,9.40798,-0.0697893,-0.432938,-0.25105822
7.317,-0.90448695,6.485746,9.173484,0.0071774554,-0.4756973,-0.2547233
7.338,-0.8997013,6.3804617,9.053843,0.058488626,-0.3694099,-0.23151112
7.358,-1.1102697,6.131608,9.379267,0.109799795,-0.24357535,-0.20829892
7.378,-1.3734802,5.8061843,9.594621,0.15500249,-0.15683503,-0.1899735
7.399,-1.6271194,5.7152567,9.546764,0.13667707,-0.032222193,-0.16676131
7.419,-2.009971,5.471189,9.599406,0.08047912,0.091168955,-0.11911522
7.441,-2.4358935,5.026124,9.862617,0.038941514,0.15836215,-0.03115321
7.464,-2.7182465,4.490132,10.116256,0.060932014,0.04718795,0.06536066
7.485,-2.5938199,4.1312084,9.987043,0.100026235,-0.11529742,0.1227803
7.506,-2.1966112,3.9684963,9.51805,0.053601846,-0.15316994,0.12766708
7.528,-1.9525433,3.8297126,9.22134,-0.025808297,-0.13117945,0.10934166
7.548,-1.727618,3.7005002,8.967701,-0.0917798,-0.15439165,0.08857285
7.568,-1.5074782,3.6957145,8.723633,-0.13942589,-0.17027368,0.06536066
7.589,-1.3543376,3.6191442,8.469994,-0.16752486,-0.16905198,0.040926766
7.609,-1.2203395,3.6335013,8.388638,-0.14797775,-0.1885991,0.009162709
7.632,-0.9667004,3.6861434,8.249854,-0.09422319,-0.22524993,-0.025044737
7.653,-0.7513463,3.7818563,7.996215,-0.03191677,-0.23868857,-0.0555871
7.673,-0.61734825,3.9493537,7.7330046,0.023059484,-0.21181129,-0.08735116
7.695,-0.47856453,4.112066,7.6660056,0.078035735,-0.13362284,-0.1007898
7.716,-0.41156548,4.2221355,7.699505,0.12568182,-0.06398625,-0.09101624
7.738,-0.4019942,4.3274198,7.6420774,0.15744588,0.02519745,-0.0787993
7.759,-0.49292147,4.3561335,7.6851482,0.16966283,0.13514996,-0.060473878
7.781,-0.57427746,4.4135613,7.996215,0.16233265,0.2145601,-0.038483378
7.802,-0.6652047,4.485346,8.278568,0.1281252,0.25121093,-0.004275931
7.822,-0.64606214,4.5762734,8.513064,0.053601846,0.25121093,0.029931515
7.842,-0.76570326,4.6002016,8.785847,-0.022143213,0.20112146,0.0555871
7.862,-0.80877405,4.6432724,8.905488,-0.08567133,0.0581832,0.07146913
7.883,-0.6843473,4.7102714,8.670991,-0.15042114,-0.12629268,0.06658235
7.903,-0.42592242,4.92084,8.230712,-0.22738789,-0.18126893,0.025044737
7.924,-0.2536392,5.227121,8.010572,-0.28480753,-0.10185878,-0.04214846
7.944,-0.24885355,5.5046883,8.087142,-0.28725094,-0.0077883024,-0.086129464
7.964,-0.38763726,5.6578293,8.302496,-0.2261662,0.048409645,-0.08979455
7.984,-0.52163535,5.7726846,8.4604225,-0.12720895,0.059404895,-0.056808796
8.004,-0.6891329,5.8636117,8.66142,-0.019699825,0.103385895,-0.02260135
8.024,-0.7609176,5.930611,8.953344,0.063375406,0.13392825,-0.004275931
8.044,-0.80877405,6.007181,9.077771,0.11224318,0.18401773,0.02015796
8.067,-1.0432707,5.973682,9.317053,0.09147438,0.3501682,0.048256934
8.087,-1.5409778,5.767899,9.876974,0.0413849,0.44668207,0.056808796
8.108,-1.9812572,5.5477595,10.360324,-0.0025961008,0.40758783,0.06658235
8.128,-2.2157538,5.337191,10.436894,-0.057572354,0.33672956,0.08857285
8.148,-2.349752,5.1792645,10.479965,-0.13453911,0.2365506,0.14843589
8.169,-2.5028925,4.8394837,10.389038,-0.20173231,0.0801737,0.21929416
8.189,-2.469393,4.566702,10.073185,-0.19073705,-0.13484453,0.26327518
8.209,-2.105684,4.4231324,9.326625,-0.13209572,-0.32665056,0.28648737
8.23,-1.5888343,4.4135613,8.560922,-0.07834116,-0.3816268,0.30847788
8.251,-1.2634103,4.418347,7.9387875,-0.066124216,-0.21669807,0.3170297
8.271,-1.2969099,4.3178487,7.8717885,-0.06123744,-0.017561859,0.3048128
8.292,-1.5936198,4.2652063,8.082356,-0.029473381,0.22433366,0.2791572
8.313,-1.9669002,4.2795634,8.484351,0.0132859275,0.31718245,0.28526568
8.334,-2.1248264,4.274778,8.886345,0.040163208,0.25365433,0.31825143
8.355,-2.009971,4.2795634,8.929416,0.063375406,0.059404895,0.35612395
8.376,-1.5553347,4.2125645,8.33121,0.069483876,-0.12384928,0.3695626
8.398,-1.119841,4.2795634,7.7330046,0.034054734,-0.20570281,0.33902022
8.419,-0.7082755,4.418347,7.2975106,-0.028251685,-0.14706148,0.29137415
8.44,-0.57906306,4.499703,7.110871,-0.08322794,-0.020005248,0.2327328
8.46,-0.6125626,4.4231324,7.2496543,-0.114992,0.10827268,0.16187452
8.481,-0.7178468,4.442275,7.4793653,-0.097888276,0.1693574,0.09712471
8.502,-0.7800602,4.566702,7.752147,-0.06490252,0.18523943,0.056808796
8.522,-0.82313097,4.662415,7.929216,-0.025808297,0.17302248,0.040926766
8.542,-0.8853444,4.715057,8.139785,-0.00503949,0.14614521,0.029931515
8.564,-0.89491564,4.796413,8.158927,0.0193944,0.08628218,0.0018325418
8.584,-0.72263247,4.9782677,8.1637125,0.024281178,0.042301174,-0.033596598
8.604,-0.6364908,5.2079782,8.106285,0.010842538,0.0361927,-0.04459185
8.624,-0.5838487,5.3611193,8.192427,-0.019699825,0.028862532,-0.029931515
8.644,-0.6269195,5.40419,8.307282,-0.044133715,-0.011453386,-0.017714571
8.664,-0.44027936,5.523831,8.292925,-0.06123744,-0.060321167,-0.025044737
8.687,-0.33020952,5.6004014,8.249854,-0.11132691,-0.02611372,-0.043370154
8.708,-0.4019942,5.6004014,8.493922,-0.15530792,0.039857782,-0.049478628
8.728,-0.60777694,5.4903316,8.900702,-0.1809635,0.07773031,-0.061695572
8.748,-0.7609176,5.3946185,9.336196,-0.16752486,0.039857782,-0.080020994
8.769,-0.89491564,5.40419,9.728619,-0.11743539,-0.12629268,-0.11178505
8.79,-0.7752745,5.5716877,9.747761,-0.050242186,-0.30954686,-0.15454435
8.811,-0.2727818,5.8061843,9.503694,-0.044133715,-0.37796175,-0.20219044
8.831,-0.038285162,5.77747,9.465408,-0.13453911,-0.2509055,-0.23517619
8.852,-0.44985065,5.4233327,9.996614,-0.22127941,-0.13728791,-0.29137415
8.872,-0.94755775,5.456832,10.22154,-0.19806722,-0.13728791,-0.38422292
8.892,-1.1150553,5.729614,10.058828,-0.16630317,-0.11407573,-0.40377003
8.913,-1.4548361,5.7487564,9.805189,-0.14919944,0.01175881,-0.30725616
8.934,-2.009971,5.2127643,9.9344015,-0.088114716,0.13392825,-0.15087928
8.956,-2.3928227,4.485346,10.240683,0.029167956,0.065513365,-0.015271181
8.978,-2.37368,3.9828532,10.0779705,0.15622419,-0.12384928,0.061695572
8.999,-2.0482562,3.7100716,9.532407,0.20142688,-0.18249062,0.080020994
9.019,-1.7036897,3.6287155,9.202198,0.1525591,-0.07131642,0.070247434
9.039,-1.579263,3.4707892,9.206984,0.09636115,0.028862532,0.051922016
9.06,-1.4548361,3.4085758,9.192626,0.046271678,0.059404895,0.05070032
9.081,-1.416551,3.4372897,9.106484,0.008399149,0.056961507,0.05803049
9.102,-1.4069797,3.4325042,8.89113,0.0022906773,0.026419144,0.06291727
9.123,-1.2921243,3.5234313,8.656634,0.018172706,-0.010231691,0.06291727
9.143,-1.1724831,3.609573,8.345567,0.046271678,-0.060321167,0.070247434
9.163,-1.0145568,3.7914274,7.967501,0.05971032,-0.07009472,0.08979455
9.183,-0.81834537,3.891926,7.637292,0.06826218,-0.03955236,0.108119965
9.203,-0.7369894,3.958925,7.4937224,0.08047912,0.048409645,0.13011047
9.223,-0.7082755,4.040281,7.5272217,0.07314896,0.14370182,0.15576605
9.243,-0.64606214,4.0977087,7.838289,0.045049984,0.22189027,0.19730367
9.263,-0.7322037,4.0354953,7.9722867,0.012064233,0.24876754,0.23151112
9.284,-0.7322037,4.0307097,8.178069,-0.020921519,0.24510247,0.24739315
9.306,-0.6891329,4.112066,8.268997,-0.062459134,0.21822518,0.26205346
9.328,-0.6652047,4.174279,8.283354,-0.100331664,0.20356485,0.255945
9.349,-0.5886344,4.4231324,8.268997,-0.11987878,0.2157818,0.23761958
9.371,-0.47856453,4.62413,8.436495,-0.11865708,0.22555535,0.24006297
9.391,-0.41156548,4.8059845,8.59442,-0.09910997,0.1925696,0.2522799
9.412,-0.3684947,4.92084,8.5322075,-0.084449634,0.17790927,0.2583884
9.433,-0.21535404,5.069195,8.541779,-0.0917798,0.2157818,0.24372806
9.454,-0.17706887,5.1553364,8.637491,-0.10277505,0.27564484,0.22418094
9.474,-0.20578274,5.2701917,8.910274,-0.10766183,0.29763532,0.22784603
9.495,-0.19142582,5.2606206,9.159127,-0.08689302,0.25243264,0.25105822
9.516,-0.22013968,5.255835,9.192626,-0.052685577,0.2157818,0.2583884
9.536,-0.31106696,5.2941203,9.317053,-0.017256435,0.22922044,0.2547233
9.557,-0.4546363,5.4520464,9.345767,0.012064233,0.33672956,0.26816195
9.577,-1.0336994,5.380262,9.73819,0.009620844,0.5126536,0.28770906
9.598,-1.6654046,5.255835,10.412966,0.03771982,0.52242714,0.31336465
9.619,-1.9334008,5.2510495,10.479965,0.046271678,0.45156884,0.36467582
9.639,-2.1248264,5.0644093,10.489536,-0.018478129,0.46378577,0.40254834
9.659,-2.416751,4.753342,10.695319,-0.08933641,0.3929275,0.431869
9.681,-2.5028925,4.4279184,10.661819,-0.08567133,0.13392825,0.45263782
9.702,-2.1535404,4.2317066,10.010972,-0.027029991,-0.1653869,0.4575246
9.723,-1.5936198,4.174279,9.029915,0.0035123718,-0.26923093,0.44652936
9.745,-1.282553,4.0977087,8.450851,-0.019699825,-0.15683503,0.4123219
9.767,-1.3495519,3.9445682,8.374281,-0.044133715,0.023975754,0.36223242
9.787,-1.5744773,3.8584266,8.59442,-0.018478129,0.15469708,0.31336465
9.807,-1.8185452,3.8153558,8.761918,0.042606596,0.18523943,0.28770906
9.83,-1.9286151,3.8584266,8.871988,0.09636115,0.17424418,0.28282228
9.852,-1.9094725,3.8871403,8.905488,0.1293469,0.12171131,0.28893074
9.874,-1.7180467,3.8344984,8.766704,0.15133741,0.034971006,0.28526568
9.896,-1.430908,3.8871403,8.44128,0.14278555,-0.07986828,0.25350162
9.916,-1.0815558,4.0354953,8.015358,0.109799795,-0.12140589,0.20829892
9.938,-0.86141616,4.126423,7.699505,0.06826218,-0.08719844,0.15820944
9.96,-0.7848458,4.2556353,7.670791,0.030389652,-0.03466558,0.10567658
9.98,-0.80877405,4.3465624,7.7234335,-0.0013744063,0.026419144,0.06658235
10.002,-0.8662018,4.351348,7.876574,-0.025808297,0.08872557,0.043370154
10.022,-0.9810573,4.408776,8.125427,-0.035581853,0.1241547,0.007941014
10.042,-1.0432707,4.4518466,8.321639,-0.041690327,0.11071607,-0.018936265
10.063,-1.0049855,4.5714874,8.465208,-0.04535541,0.048409645,-0.027488127
10.087,-0.90448695,4.6959143,8.446066,-0.062459134,-0.0151184695,-0.03970507
10.107,-0.79441714,4.7772703,8.39821,-0.090558104,-0.07131642,-0.059252184
10.129,-0.60777694,4.88734,8.292925,-0.097888276,-0.116519116,-0.080020994
10.15,-0.3924229,4.9926243,8.187641,-0.103996746,-0.140953,-0.10323319
10.171,-0.28235307,5.1266227,8.139785,-0.114992,-0.10796725,-0.13255386
10.192,-0.18185452,5.2127643,8.278568,-0.116213694,-0.08964183,-0.14965758
10.212,-0.17706887,5.241478,8.379066,-0.1137703,-0.068873025,-0.16065283
10.232,-0.27756742,5.2701917,8.699705,-0.106440134,-0.060321167,-0.17286977
10.252,-0.33020952,5.2893343,8.833703,-0.09300149,-0.08597675,-0.18264332
10.272,-0.37806597,5.3276196,8.977272,-0.07101099,-0.122627586,-0.20219044
10.294,-0.36370903,5.413761,9.096913,-0.020921519,-0.19226417,-0.2339545
10.316,-0.31585258,5.576473,9.192626,0.005955761,-0.26190075,-0.24739315
10.337,-0.15792629,5.7631135,9.096913,0.030389652,-0.33520243,-0.25716668
10.357,-0.076570325,6.007181,8.915059,0.025502874,-0.29122144,-0.26694027
10.377,-0.2536392,6.0167527,9.211769,-0.011147963,-0.17638214,-0.24617144
10.398,-0.65084773,5.81097,9.776475,-0.008704574,-0.15072656,-0.20463383
10.419,-1.0289137,5.5860443,10.058828,0.0071774554,-0.184934,-0.15698774
10.439,-1.2203395,5.4664035,10.14497,-0.009926268,-0.19715095,-0.11545013
10.459,-1.4356936,5.241478,10.097114,-0.082006246,-0.12995775,-0.08124269
10.48,-1.9046868,4.8251266,10.250254,-0.158973,-0.03955236,-0.06658235
10.501,-2.3258235,4.375276,10.575678,-0.18585028,-0.056656085,-0.038483378
10.521,-2.5603201,3.92064,10.460822,-0.097888276,-0.25945738,-0.0030542363
10.541,-2.3928227,3.6430724,9.910473,0.0047340663,-0.4304946,0.017714571
10.561,-1.9286151,3.5186458,9.192626,0.078035735,-0.46470204,0.025044737
10.581,-1.5314065,3.4133615,8.580064,0.11224318,-0.37063158,0.018936265
10.602,-1.3256238,3.3320055,8.350353,0.14278555,-0.20570281,0.0030542363
10.622,-1.18684,3.2889347,8.292925,0.16966283,-0.0981937,-0.014049487
10.642,-1.1150553,3.3990045,8.235497,0.1757713,0.004428643,-0.04459185
10.664,-1.0719845,3.4995031,8.221141,0.16355436,0.10094251,-0.0787993
10.685,-1.1437693,3.6000016,8.412566,0.15133741,0.17424418,-0.099568106
10.706,-1.1964114,3.6574295,8.613564,0.1537808,0.1693574,-0.10323319
10.728,-1.1246266,3.8153558,8.66142,0.16111097,0.12171131,-0.1007898
10.748,-1.0145568,3.9780676,8.446066,0.15011571,0.09483404,-0.0787993
10.768,-0.9236295,4.112066,8.288139,0.1281252,0.12659809,-0.054365408
10.789,-0.9284152,4.202993,8.33121,0.100026235,0.1937913,-0.017714571
10.811,-0.9667004,4.2460637,8.484351,0.078035735,0.23044212,0.032374904
10.831,-0.9523434,4.2795634,8.623135,0.06826218,0.20845163,0.080020994
10.853,-0.89013004,4.341777,8.623135,0.051158458,0.19867808,0.11545013
10.875,-0.8470592,4.3704906,8.632706,0.031611346,0.18279605,0.13988402
10.895,-0.8279166,4.4374895,8.584849,0.0035123718,0.17180079,0.1643179
10.917,-0.70348984,4.5284166,8.474779,-0.00503949,0.14614521,0.18386503
10.938,-0.5407779,4.6911287,8.268997,-0.023364907,0.15836215,0.20341213
10.959,-0.47377887,4.81077,8.225926,-0.05390727,0.22555535,0.22051586
10.979,-0.5168497,4.88734,8.312068,-0.074676074,0.28786176,0.24006297
11.0,-0.52163535,5.0548377,8.36471,-0.07101099,0.30007872,0.24983653
11.021,-0.42592242,5.2606206,8.39821,-0.08567133,0.33428615,0.27304873
11.041,-0.41156548,5.3276196,8.508279,-0.10888352,0.35627666,0.29626092
11.061,-0.4833502,5.4185467,8.656634,-0.12476555,0.34528142,0.30969957
11.081,-0.5168497,5.5573306,8.814561,-0.12965234,0.30985227,0.33169007
11.101,-0.5455636,5.672186,8.919845,-0.13087402,0.29641363,0.38422292
11.123,-0.66999036,5.6243296,9.077771,-0.1369825,0.31351736,0.4563029
11.144,-0.86141616,5.576473,9.139984,-0.12598725,0.34039465,0.5076141
11.165,-1.18684,5.605187,9.264411,-0.12110047,0.45279053,0.5283829
11.185,-1.6223338,5.619544,9.709476,-0.10521844,0.5700732,0.5748073
11.208,-1.9621146,5.4233327,10.211968,-0.07834116,0.46378577,0.66765606
11.228,-2.0195422,5.160122,10.202397,-0.07956286,0.27075803,0.7751652
11.249,-1.7994026,4.92084,9.929616,-0.13087402,0.119267926,0.81548107
11.269,-1.402194,4.772485,9.312267,-0.20173231,0.05207473,0.7886038
11.29,-1.1916257,4.786842,8.905488,-0.3129065,0.25487602,0.707972
11.311,-1.564906,4.5858445,9.561121,-0.4083514,0.45156884,0.64444387
11.331,-1.8903298,4.274778,10.226326,-0.38742986,0.2854184,0.64688724
11.353,-1.6749759,3.958925,10.226326,-0.26159534,-0.13850962,0.66276926
11.374,-0.95712906,3.8727834,9.250054,-0.16996825,-0.39140037,0.62245333
11.396,-0.5312066,3.8153558,8.393424,-0.19195876,-0.26678753,0.54793
11.417,-0.5982057,3.7292142,8.316854,-0.23716144,0.010537115,0.46241137
11.438,-1.0671989,3.757928,8.718847,-0.21639264,0.17180079,0.4343124
11.46,-1.5888343,3.6861434,9.082557,-0.14553437,0.19012621,0.45263782
11.481,-1.9621146,3.4133615,9.25484,-0.07345438,0.15958385,0.4343124
11.502,-2.143969,3.2075787,9.226126,-0.016034741,0.11438115,0.36223242
11.523,-2.210968,3.1932218,9.149555,0.03283304,0.0581832,0.27671382
11.543,-2.1535404,3.3415768,8.953344,0.081700824,-0.013896775,0.22906773
11.563,-1.9812572,3.62393,8.670991,0.12446013,-0.06642964,0.20585553
11.583,-1.8185452,3.8584266,8.374281,0.13423368,-0.03466558,0.20096874
11.604,-1.7371893,3.9780676,8.278568,0.12446013,0.07406523,0.19852535
11.625,-1.8185452,4.0354953,8.417352,0.09880454,0.1913479,0.19363858
11.646,-2.0195422,4.0211387,8.651849,0.07070557,0.25487602,0.20829892
11.668,-2.1870399,4.0833516,8.900702,0.040163208,0.2597628,0.23151112
11.689,-2.2875385,4.0833516,9.101699,0.008399149,0.21944688,0.2547233
11.71,-2.225325,4.174279,9.0347,-0.035581853,0.17302248,0.27304873
11.731,-2.143969,4.2460637,8.852845,-0.100331664,0.18523943,0.2987043
11.751,-2.0817556,4.284349,8.89113,-0.14675605,0.1937913,0.3231382
11.771,-2.009971,4.2460637,8.915059,-0.16141638,0.16691402,0.35856733
11.791,-1.7515461,4.2077785,8.804989,-0.17607673,0.15836215,0.37811446
11.812,-1.550549,4.269992,8.656634,-0.18707198,0.21822518,0.3671192
11.833,-1.3495519,4.418347,8.776276,-0.17607673,0.27686653,0.37811446
11.855,-1.1629118,4.4039903,8.929416,-0.14186928,0.24998924,0.4306473
11.876,-0.98584294,4.3322053,8.857632,-0.122322164,0.23166382,0.459968
11.897,-0.82313097,4.2556353,8.766704,-0.11132691,0.26831466,0.44164258
11.918,-0.72263247,4.2891345,8.838489,-0.09422319,0.31351736,0.4111002
11.94,-0.72741807,4.29392,9.044271,-0.06734591,0.33917293,0.40377003
11.961,-0.8279166,4.241278,9.202198,-0.046577103,0.3257343,0.40743512
11.982,-0.9236295,4.174279,9.264411,-0.03191677,0.29519194,0.38177955
12.003,-0.91884387,4.2364926,9.302696,-0.027029991,0.25487602,0.32924667
12.023,-0.91884387,4.3130627,9.2691965,-0.035581853,0.2145601,0.3023694
12.044,-0.8757731,4.3704906,9.135199,-0.04046863,0.15225367,0.29381752
12.065,-0.8327023,4.3848476,8.967701,-0.058794048,0.12659809,0.27671382
12.086,-0.72741807,4.341777,8.8289175,-0.07345438,0.103385895,0.24983653
12.107,-0.70348984,4.3704906,8.685348,-0.082006246,0.11438115,0.20707722
12.127,-0.74177504,4.4279184,8.651849,-0.07834116,0.1473669,0.18264332
12.148,-0.8470592,4.5762734,8.771489,-0.066124216,0.18523943,0.17531316
12.17,-0.94277215,4.581059,8.857632,-0.030695075,0.18035266,0.19119519
12.19,-0.9810573,4.6432724,8.895916,-0.011147963,0.16447063,0.20219044
12.211,-1.0480564,4.715057,8.895916,-0.008704574,0.14492351,0.20829892
12.231,-1.1389836,4.863412,8.871988,-0.025808297,0.11804623,0.22295925
12.252,-1.1820544,4.9782677,8.833703,-0.05390727,0.07406523,0.26083177
12.273,-1.2586247,4.968696,8.781061,-0.08689302,0.023975754,0.29626092
12.294,-1.3112668,5.0165524,8.642277,-0.116213694,-0.004123219,0.31825143
12.314,-1.3304094,5.1266227,8.503493,-0.14064758,-0.0053449133,0.3426853
12.335,-1.3830515,5.2079782,8.393424,-0.16752486,0.015423893,0.37567106
12.356,-1.4644074,5.231907,8.431708,-0.18585028,0.016645588,0.431869
12.377,-1.430908,5.2031927,8.33121,-0.18218519,-0.03466558,0.49173203
12.397,-1.3399807,5.2510495,8.048857,-0.16874656,-0.06520794,0.5271612
12.417,-1.2107682,5.375476,7.780861,-0.17363334,-0.02611372,0.5674771
12.439,-1.134198,5.3180485,7.7090764,-0.19318044,0.06306998,0.60534966
12.46,-1.0576276,5.2031927,7.73779,-0.2041757,0.13392825,0.6139015
12.481,-0.8853444,5.150551,7.8670025,-0.21883602,0.18035266,0.6114581
12.503,-0.8422736,5.1409793,7.996215,-0.23227467,0.22189027,0.59924114
12.524,-0.82313097,5.0596237,8.29771,-0.2261662,0.2365506,0.5601469
12.545,-0.71306115,5.1936216,8.546564,-0.19928892,0.22799873,0.5161659
12.566,-0.6269195,5.298906,8.838489,-0.16141638,0.23899399,0.49173203
12.588,-0.6125626,5.2941203,9.087342,-0.088114716,0.20234315,0.47585002
12.608,-0.526421,5.380262,9.159127,0.0071774554,0.13881505,0.46363306
12.628,-0.35413775,5.389833,9.135199,0.08047912,0.12293301,0.44897273
12.649,-0.12921242,5.332405,9.135199,0.08903099,0.18157434,0.4306473
12.671,-0.22013968,5.069195,9.465408,0.03771982,0.31473905,0.37689275
12.692,-0.60777694,4.7341995,10.116256,-0.0062611843,0.38193226,0.31092125
12.713,-1.1102697,4.4518466,10.70489,0.0047340663,0.37582377,0.25350162
12.734,-1.3734802,4.2508492,11.145169,0.071927264,0.282975,0.22418094
12.756,-1.4261223,4.0977087,11.149956,0.12323844,0.17668757,0.20463383
12.777,-1.2490535,4.001996,10.838888,0.115908265,0.07650862,0.16309622
12.798,-0.8662018,3.92064,10.288539,0.07437065,-0.022448637,0.12766708
12.819,-0.526421,3.7531424,9.771689,-0.016034741,-0.07375981,0.099568106
12.839,-0.38763726,3.5569308,9.384052,-0.08078455,-0.103080474,0.07513421
12.86,-0.17706887,3.418147,8.982058,-0.100331664,-0.13117945,0.0555871
12.881,0.062213387,3.2745779,8.905488,-0.08078455,-0.15072656,0.059252184
12.902,0.3062813,3.1740792,8.699705,-0.029473381,-0.16905198,0.086129464
12.924,0.5168497,3.1118658,8.407781,0.0047340663,-0.09086353,0.11667182
12.945,0.59342,3.2123644,8.33121,0.015729317,0.08383878,0.15454435
12.966,0.38763726,3.178865,8.565707,0.0193944,0.2817533,0.17775655
12.987,-0.02871387,3.1310084,9.072986,0.030389652,0.40514445,0.18142164
13.009,-0.4642076,3.0879376,9.73819,0.051158458,0.38193226,0.17531316
13.03,-0.6221339,3.1549366,9.987043,0.09636115,0.15225367,0.15332267
13.051,-0.5024927,3.3032916,9.719048,0.12201674,-0.07009472,0.124001995
13.071,-0.33020952,3.5090744,9.202198,0.09880454,-0.1641652,0.092237934
13.092,-0.019142581,3.7483566,8.785847,0.0645971,-0.17149536,0.07146913
13.113,0.13399807,3.9254255,8.618349,0.027946262,-0.11529742,0.067804046
13.134,0.11485548,3.9541395,8.556135,0.015729317,-0.07009472,0.083686076
13.155,0.043070808,3.9684963,8.469994,0.014507622,-0.031000499,0.09712471
13.175,-0.11006984,4.0067816,8.455637,0.020616096,-0.0077883024,0.09834641
13.195,-0.18664017,4.0833516,8.465208,0.034054734,0.01175881,0.08735116
13.215,-0.2009971,4.2317066,8.469994,0.0413849,0.008093726,0.09101624
13.236,-0.2440679,4.2460637,8.422137,0.0193944,0.023975754,0.099568106
13.257,-0.31585258,4.2508492,8.44128,-0.012369657,0.02519745,0.086129464
13.278,-0.3062813,4.308277,8.560922,-0.036803547,-0.0151184695,0.051922016
13.299,-0.11485548,4.4231324,8.5322075,-0.0697893,-0.021226943,0.02015796
13.319,-0.11964113,4.5092745,8.59442,-0.09422319,0.004428643,-0.011606098
13.343,-0.11006984,4.5714874,8.838489,-0.088114716,-0.004123219,-0.03970507
13.363,-0.0047856453,4.6767716,8.900702,-0.041690327,-0.0749815,-0.0555871
13.383,0.0526421,4.671986,8.886345,-0.012369657,-0.08719844,-0.08979455
13.404,0.0,4.786842,8.938987,0.05482354,-0.08597675,-0.1643179
13.424,0.0,5.1026945,8.962915,0.12201674,-0.096972,-0.22051586
13.445,0.047856454,5.4520464,8.953344,0.20020519,-0.109188944,-0.23884128
13.465,0.23449662,5.6530433,8.986844,0.22830416,-0.100637086,-0.22540264
13.485,0.2105684,5.676972,9.130413,0.18554485,-0.027335415,-0.20341213
13.505,0.1052842,5.595616,9.527621,0.12446013,0.034971006,-0.19608197
13.525,-0.148355,5.447261,9.92483,0.069483876,0.11438115,-0.21807247
13.547,-0.65084773,5.2079782,10.527822,0.008399149,0.15836215,-0.24617144
13.567,-0.9236295,5.0165524,10.810175,-0.029473381,0.10582929,-0.23028941
13.589,-1.1102697,4.705486,10.77189,-0.068567604,0.06429167,-0.16187452
13.609,-1.3256238,4.135994,10.767104,-0.07711947,-0.01267508,-0.11300674
13.629,-1.4404793,3.6861434,10.5996065,-0.030695075,-0.20448112,-0.117893524
13.649,-1.2442678,3.676572,10.116256,0.03283304,-0.3633014,-0.17409147
13.672,-0.79441714,4.0354953,9.3409815,0.11224318,-0.39017868,-0.20952061
13.694,-0.2009971,4.408776,8.781061,0.18065807,-0.2948865,-0.13866232
13.715,0.11964113,4.523631,8.608778,0.17088452,-0.09208523,-0.0018325418
13.736,-0.12921242,4.1982074,8.781061,0.09025268,0.113159455,0.117893524
13.756,-0.6987042,3.8297126,9.14477,-0.0025961008,0.21822518,0.15454435
13.776,-1.1437693,3.6143587,9.51805,-0.057572354,0.19867808,0.15576605
13.796,-1.3447664,3.4564323,9.876974,-0.07834116,0.0056503373,0.16187452
13.816,-1.2107682,3.4612179,9.695119,-0.051463883,-0.23991026,0.18508671
13.836,-0.79441714,3.595216,8.99163,-0.029473381,-0.404839,0.20952061
13.856,-0.33020952,3.7818563,8.120642,-0.008704574,-0.42927292,0.22662434
13.876,-0.07178468,3.9493537,7.55115,-0.0038177953,-0.3242072,0.22784603
13.896,0.02871387,3.9924245,7.4697943,0.018172706,-0.1641652,0.22662434
13.918,0.023928227,3.9924245,7.498508,0.042606596,-0.018783553,0.23151112
13.939,-0.12921242,3.8871403,7.7425756,0.06215371,0.04963134,0.22418094
13.961,-0.3493521,3.8057845,7.8909307,0.07314896,0.0581832,0.19852535
13.981,-0.41156548,3.863212,8.058429,0.08047912,0.009315421,0.15087928
14.002,-0.28235307,4.0977087,7.9387875,0.09880454,-0.06642964,0.11911522
14.025,0.0,4.456632,7.713862,0.08047912,-0.028557109,0.1007898
14.046,0.038285162,4.715057,7.8287177,0.034054734,0.12904148,0.108119965
14.066,-0.2440679,4.7246284,8.335996,-0.007482879,0.23044212,0.11300674
14.086,-0.4833502,4.7102714,8.757133,-0.024586603,0.21944688,0.10567658
14.107,-0.6364908,4.786842,9.139984,-0.035581853,0.09605573,0.08246438
14.128,-0.4546363,4.834698,9.206984,-0.044133715,-0.08597675,0.0555871
14.148,-0.062213387,4.9064827,8.895916,-0.066124216,-0.19348587,0.011606098
14.168,0.22971097,4.9974103,8.618349,-0.100331664,-0.22647162,-0.05314371
14.188,0.4977071,5.1122656,8.469994,-0.12598725,-0.19104248,-0.11178505
14.209,0.44027936,5.2079782,8.474779,-0.122322164,-0.07131642,-0.17409147
14.229,0.19621146,5.227121,9.230911,-0.050242186,0.021532366,-0.23028941
14.249,0.07178468,5.1553364,10.0061865,0.065818794,-0.04199575,-0.24494976
14.269,0.3589234,5.10748,10.384252,0.16721943,-0.140953,-0.22540264
14.289,0.4019942,4.729414,10.724033,0.17454961,-0.078646585,-0.23639789
14.31,0.20578274,4.442275,10.915459,0.19898349,-0.048104223,-0.29503924
14.332,-0.23449662,4.490132,10.709676,0.21486552,-0.0077883024,-0.3475721
14.353,-0.4642076,4.6528435,10.580463,0.23807772,-0.032222193,-0.28893074
14.374,-0.42592242,4.6911287,10.22154,0.25395975,-0.08719844,-0.12644538
14.394,-0.15792629,4.5188456,9.872188,0.24296449,-0.1201842,0.02260135
14.414,0.10049855,4.202993,9.431909,0.15011571,-0.052991,0.08490777
14.436,0.29671,4.0211387,9.0347,0.015729317,0.10827268,0.073912516
14.457,0.2105684,3.9158542,9.245269,-0.097888276,0.25121093,0.0775776
14.477,0.019142581,3.7292142,9.508479,-0.13209572,0.24143738,0.11667182
14.497,-0.062213387,3.4995031,9.527621,-0.106440134,0.11682454,0.15820944
14.518,-0.076570325,3.3320055,9.235697,-0.058794048,0.010537115,0.16065283
14.539,-0.09092726,3.3032916,8.938987,0.012064233,-0.03466558,0.13133216
14.559,0.014356935,3.446861,8.666205,0.09880454,-0.094528615,0.114228435
14.579,0.32542387,3.6143587,8.335996,0.17210622,-0.14339639,0.13133216
14.599,0.57427746,3.7627137,7.900502,0.20020519,-0.12384928,0.1692047
14.619,0.5982057,3.7387853,7.7330046,0.17088452,-0.027335415,0.19486028
14.639,0.51206404,3.7387853,7.9818583,0.1317903,0.075286925,0.18630841
14.66,0.4354937,3.7005002,8.393424,0.11102149,0.11560284,0.17164809
14.68,0.3397808,3.6957145,8.632706,0.1085781,0.09972081,0.15576605
14.701,0.22492532,3.863212,8.785847,0.11224318,0.0581832,0.14721419
14.721,0.19621146,4.0642095,8.862417,0.09636115,0.009315421,0.15943113
14.741,0.20578274,4.126423,8.747561,0.07070557,-0.06642964,0.16065283
14.762,0.32542387,4.202993,8.4604225,0.018172706,-0.109188944,0.11545013
14.784,0.38763726,4.3178487,8.201998,-0.046577103,-0.12751436,0.059252184
14.804,0.5312066,4.537988,8.063214,-0.097888276,-0.12873606,0.02260135
14.824,0.5982057,4.7102714,7.929216,-0.12843063,-0.11529742,0.0030542363
14.845,0.6269195,4.877769,8.005786,-0.15408622,-0.072538115,-0.011606098
14.866,0.56470615,5.0213385,8.130213,-0.16508147,-0.0077883024,-0.03115321
14.887,0.40677986,5.0739803,8.369495,-0.1357608,0.03130592,-0.08246438
14.909,0.29671,5.2462635,8.647063,-0.07956286,0.016645588,-0.11911522
14.93,0.27756742,5.40419,8.819346,-0.04046863,0.04352287,-0.12888877
14.952,0.09092726,5.495117,9.297911,-0.017256435,0.08383878,-0.1227803
14.972,-0.05742774,5.3611193,10.0014,0.03283304,0.04352287,-0.117893524
14.994,-0.11006984,5.346762,10.197612,0.09025268,-0.006566608,-0.1435491
15.015,-0.009571291,5.279763,10.235897,0.09880454,0.06062659,-0.17042638
15.037,-0.15792629,5.227121,10.29811,0.036498122,0.18401773,-0.15820944
15.057,-0.61734825,5.160122,10.427323,-0.023364907,0.24510247,-0.11667182
15.08,-0.72741807,5.117051,10.561321,-0.03802524,0.09605573,0.021379653
15.1,-0.27756742,5.026124,10.054043,-0.029473381,-0.15072656,0.13133216
15.12,0.16271193,4.853841,9.202198,-0.09910997,-0.11163234,0.13133216
15.141,0.21535404,4.6815577,8.996415,-0.20906247,0.1021642,0.08735116
15.163,-0.22013968,4.3704906,9.431909,-0.23960483,0.1913479,0.09712471
15.183,-0.5024927,4.0067816,9.580264,-0.1601947,0.13148487,0.16065283
15.205,-0.55034924,3.743571,9.546764,-0.06490252,0.06673507,0.19486028
15.226,-0.5407779,3.6430724,9.508479,0.0035123718,0.04963134,0.18508671
15.247,-0.4833502,3.690929,9.44148,0.08292252,-0.0053449133,0.18142164
15.267,-0.3493521,3.757928,9.130413,0.17454961,-0.14828317,0.19486028
15.288,-0.009571291,3.9349968,8.55135,0.22586077,-0.27900448,0.21685077
15.309,0.45942193,4.1407795,7.7330046,0.23319094,-0.32176378,0.22295925
15.33,0.7178468,4.260421,7.3310103,0.17454961,-0.19104248,0.20829892
15.352,0.72263247,4.274778,7.47458,0.12201674,-0.03466558,0.19241689
15.372,0.5168497,4.2221355,7.7760754,0.109799795,0.03863609,0.17409147
15.394,0.28713873,4.2125645,8.053643,0.12079505,0.04963134,0.14599249
15.414,0.2105684,4.3178487,8.292925,0.14645062,0.015423893,0.12033691
15.434,0.22492532,4.490132,8.374281,0.14889401,-0.0151184695,0.1227803
15.455,0.2727818,4.6672006,8.417352,0.12568182,-0.04566083,0.13744064
15.476,0.30149564,4.7341995,8.431708,0.08292252,-0.110410646,0.14232741
15.498,0.38285163,4.7246284,8.307282,0.025502874,-0.17638214,0.12888877
15.519,0.4833502,4.7102714,8.072785,-0.047798797,-0.184934,0.08735116
15.539,0.4881358,4.772485,8.0201435,-0.10521844,-0.18004723,0.017714571
15.56,0.5024927,4.8490553,7.9483585,-0.12598725,-0.16660859,-0.037261683
15.581,0.4642076,4.968696,7.8717885,-0.14064758,-0.10796725,-0.10934166
15.601,0.31106696,5.21755,8.0345,-0.122322164,-0.035887275,-0.15576605
15.623,0.2009971,5.456832,8.33121,-0.082006246,-0.0077883024,-0.15087928
15.644,0.18185452,5.5046883,8.565707,-0.035581853,-0.035887275,-0.11667182
15.666,0.26799613,5.5094743,8.8289175,-0.0013744063,-0.09941539,-0.09590302
15.688,0.61734825,5.413761,9.264411,-0.0013744063,-0.19104248,-0.09834641
15.708,1.1294123,5.2893343,9.364909,-0.03436016,-0.23868857,-0.16065283
15.73,1.4356936,5.2845488,9.623335,-0.084449634,-0.13728791,-0.28282228
15.751,1.5266209,5.322834,10.116256,-0.11743539,-0.04566083,-0.35490227
15.771,1.3686945,5.2127643,10.250254,-0.13820419,0.042301174,-0.37200597
15.791,0.83748794,4.9160542,10.317253,-0.17607673,0.21822518,-0.38055784
15.813,0.0,4.5332026,10.963315,-0.1565296,0.3281777,-0.37567106
15.833,-0.5694918,4.2364926,11.346167,-0.019699825,0.15714046,-0.299926
15.854,-0.29192436,4.145565,10.8867445,0.13056861,-0.1446181,-0.1655396
15.874,0.33499518,4.054638,9.728619,0.15133741,-0.21181129,-0.076355904
15.894,0.66999036,4.025924,9.183055,0.081700824,-0.05787778,-0.051922016
15.915,0.67477596,3.9445682,9.092128,0.03771982,0.053296424,-0.048256934
15.935,0.5694918,3.958925,9.192626,0.031611346,0.027640838,-0.011606098
15.955,0.5455636,3.92064,8.9724865,0.045049984,-0.0762032,0.038483378
15.975,0.6412765,3.7866418,8.513064,0.04871507,-0.13362284,0.06658235
15.995,0.65084773,3.7244284,8.25464,0.04871507,-0.12873606,0.056808796
16.015,0.6843473,3.772285,8.158927,0.06704049,-0.13850962,0.03970507
16.037,0.75613195,3.8823547,8.029715,0.07559235,-0.1201842,0.032374904
16.057,0.7800602,3.9780676,7.8670025,0.08903099,-0.051769305,0.032374904
16.078,0.74177504,4.0307097,8.001,0.1085781,0.05207473,0.051922016
16.099,0.64606214,4.0354953,8.345567,0.1525591,0.10827268,0.08735116
16.119,0.5407779,3.9780676,8.62792,0.19531842,0.09239065,0.099568106
16.14,0.5024927,4.1312084,8.666205,0.22341739,0.041079476,0.086129464
16.161,0.6795616,4.308277,8.503493,0.21364383,-0.0151184695,0.09834641
16.181,0.8039884,4.4231324,8.321639,0.15988927,-0.031000499,0.12522368
16.202,0.89491564,4.3322053,8.173284,0.060932014,-0.04566083,0.117893524
16.222,0.9667004,4.365705,8.063214,-0.030695075,-0.038330667,0.06536066
16.242,0.9379865,4.3848476,8.130213,-0.1137703,-0.013896775,-0.012827792
16.262,0.9284152,4.5092745,8.182856,-0.13820419,-0.028557109,-0.06658235
16.284,1.0241281,4.786842,8.216354,-0.12720895,-0.05787778,-0.08979455
16.304,1.0624132,4.944768,8.149356,-0.09422319,-0.05054761,-0.10934166
16.324,1.0289137,5.117051,7.996215,-0.046577103,-0.016340164,-0.1435491
16.345,0.9810573,5.485546,8.053643,0.012064233,0.027640838,-0.17042638
16.366,0.9619147,5.6817575,8.1637125,0.06826218,0.07406523,-0.17286977
16.387,0.86141616,5.9353967,8.446066,0.0865876,0.1473669,-0.15698774
16.408,0.6029913,5.901897,9.178269,0.09880454,0.18035266,-0.12155861
16.429,0.44506502,5.8636117,9.70469,0.13056861,0.06062659,-0.08979455
16.451,0.5072784,5.973682,9.632906,0.11712996,0.07040015,-0.07513421
16.471,0.37806597,6.040681,9.728619,0.05971032,0.24998924,-0.06902574
16.493,-0.13878371,5.968896,10.5996065,-0.022143213,0.40880954,-0.025044737
16.514,-0.6125626,5.6004014,11.073385,-0.09910997,0.35994175,0.04459185
16.536,-0.94755775,5.0644093,11.236097,-0.1577513,0.14492351,0.102011494
16.558,-0.5599205,4.738985,10.724033,-0.19318044,-0.15439165,0.15087928
16.578,0.019142581,4.490132,9.943973,-0.23593976,-0.33153734,0.18386503
16.6,0.5599205,4.2795634,9.245269,-0.24693501,-0.3816268,0.1692047
16.62,0.81834537,4.1838503,8.584849,-0.23105298,-0.27900448,0.13621894
16.64,0.93320084,4.2317066,8.211569,-0.19806722,-0.118962504,0.12888877
16.662,0.75613195,4.1168513,8.230712,-0.116213694,0.14492351,0.19486028
16.682,0.37806597,3.8344984,8.618349,-0.03191677,0.3025221,0.25716668
16.702,-0.047856454,3.5712879,9.058628,0.024281178,0.34894648,0.26083177
16.723,-0.35413775,3.3750763,9.508479,0.071927264,0.24998924,0.23028941
16.744,-0.31585258,3.3367913,9.570692,0.11102149,-4.5813544E-4,0.19363858
16.765,0.11006984,3.5904303,8.938987,0.10491302,-0.19715095,0.15943113
16.787,0.41635114,3.839284,8.278568,0.09269607,-0.26923093,0.13499725
16.808,0.6795616,4.0594234,7.7330046,0.1085781,-0.28389126,0.12033691
16.828,0.80877405,4.2221355,7.268797,0.12079505,-0.20448112,0.10934166
16.848,0.8327023,4.3992043,7.0678,0.11346488,-0.024892027,0.08857285
16.871,0.5694918,4.4949174,7.3310103,0.13667707,0.16569231,0.05314371
16.893,0.2632105,4.5858445,7.8574314,0.18187977,0.23044212,0.045813546
16.915,0.10049855,4.705486,8.087142,0.18920994,0.18279605,0.073912516
16.936,-0.009571291,4.7485566,8.149356,0.16111097,0.08994726,0.076355904
16.956,0.0526421,4.853841,8.048857,0.10124794,0.004428643,0.04214846
16.976,0.25842485,5.050052,7.8670025,0.030389652,-0.049325917,0.017714571
16.997,0.38285163,5.2845488,7.6516485,-0.04535541,-0.05787778,0.014049487
17.017,0.4881358,5.4616175,7.5607214,-0.09666658,-0.028557109,0.029931515
17.037,0.4977071,5.5334024,7.6803627,-0.114992,-0.0029015245,0.048256934
17.059,0.59342,5.538188,7.838289,-0.08689302,0.003206948,0.026266431
17.079,0.74177504,5.672186,7.809575,-0.06123744,0.05451812,-0.011606098
17.1,0.7896315,5.8540406,8.029715,-0.046577103,0.17302248,-0.05070032
17.12,0.6891329,6.064609,8.44128,-0.035581853,0.27686653,-0.06291727
17.142,0.49292147,6.189036,9.120842,-0.039246935,0.3086306,-0.06291727
17.162,0.21535404,6.1603217,9.762118,-0.039246935,0.22433366,-0.06658235
17.182,0.014356935,6.0598235,10.164112,-0.028251685,0.07284354,-0.09468132
17.203,0.31106696,6.1124654,10.135399,-0.022143213,-0.18371232,-0.18019994
17.225,0.82313097,6.265606,9.695119,-0.074676074,-0.1873774,-0.2522799
17.246,0.93320084,6.1507506,10.087543,-0.14064758,-0.08231167,-0.2779355
17.267,0.79920274,5.8061843,10.40818,-0.15408622,-0.06398625,-0.255945
17.287,0.55034924,5.3994045,10.546964,-0.17241164,-0.017561859,-0.22295925
17.307,0.16271193,4.796413,10.719247,-0.1577513,-0.049325917,-0.20707722
17.329,-0.22013968,4.2556353,10.585249,-0.062459134,-0.19226417,-0.20707722
17.349,-0.20578274,4.159922,9.843474,0.060932014,-0.24968381,-0.22418094
17.369,0.014356935,4.1790648,9.427123,0.17210622,-0.21425468,-0.19241689
17.389,0.38763726,4.150351,9.077771,0.2637333,-0.15439165,-0.08857285
17.409,0.65084773,4.0354953,8.800203,0.29549736,-0.07009472,0.02015796
17.429,0.74177504,3.8727834,8.637491,0.26862007,0.030084228,0.102011494
17.451,0.7704889,3.7962132,8.536993,0.20020519,0.091168955,0.15087928
17.472,0.72263247,3.6957145,8.503493,0.13789877,0.08994726,0.18019994
17.492,0.7178468,3.662215,8.541779,0.047493376,0.065513365,0.19486028
17.513,0.59342,3.676572,8.493922,-0.00503949,0.027640838,0.17775655
17.534,0.4642076,3.7483566,8.489137,-0.013591352,-0.016340164,0.14843589
17.556,0.49292147,3.7292142,8.465208,0.014507622,-0.09330692,0.12888877
17.577,0.72263247,3.7339997,8.139785,0.035276428,-0.15194826,0.10934166
17.598,0.8997013,3.839284,7.8239317,0.03771982,-0.13362284,0.08735116
17.619,0.9523434,4.0067816,7.7473617,0.030389652,-0.03466558,0.05803049
17.64,0.91405827,4.092923,7.8717885,0.03283304,0.02275406,0.048256934
17.66,0.8709874,4.174279,7.9387875,0.045049984,0.02519745,0.054365408
17.681,0.9236295,4.274778,7.9387875,0.03771982,0.023975754,0.06902574
17.702,1.0049855,4.4135613,7.919645,0.0035123718,0.037414394,0.064138964
17.723,0.9092726,4.4518466,8.068,-0.058794048,0.07650862,0.037261683
17.744,0.79441714,4.5332026,8.29771,-0.1137703,0.08872557,-0.014049487
17.765,0.76570326,4.6432724,8.489137,-0.14431266,0.053296424,-0.04703524
17.785,0.7800602,4.729414,8.517851,-0.158973,-0.0029015245,-0.061695572
17.806,0.81834537,4.7581277,8.316854,-0.16263808,-0.051769305,-0.102011494
17.828,1.0193424,5.069195,8.120642,-0.16141638,-0.032222193,-0.15943113
17.849,1.1772687,5.5334024,7.95793,-0.14186928,0.10949437,-0.20341213
17.871,0.93320084,5.8683977,8.431708,-0.072232686,0.24998924,-0.211964
17.891,0.7369894,6.0693946,8.953344,0.0413849,0.2365506,-0.17531316
17.912,0.7465607,6.122037,9.163913,0.1085781,0.18157434,-0.13377555
17.932,0.7322037,6.0023956,9.28834,0.100026235,0.16202724,-0.117893524
17.952,0.63170516,5.8827543,9.618548,0.057266932,0.113159455,-0.15087928
17.974,0.55034924,5.9497533,9.853045,0.0193944,0.028862532,-0.20585553
17.994,0.526421,6.0023956,9.800404,-0.024586603,0.015423893,-0.23884128
18.015,0.33020952,5.901897,10.106685,-0.08078455,0.0361927,-0.24128467
18.035,0.1052842,5.686543,10.250254,-0.090558104,-0.033443887,-0.2131857
18.056,0.09092726,5.48076,10.14497,-0.066124216,-0.118962504,-0.16065283
18.076,0.21535404,5.2127643,9.872188,-0.055128966,-0.11285403,-0.086129464
18.097,0.16749759,4.7772703,9.891331,-0.044133715,-0.10185878,0.005497625
18.117,-0.023928227,4.418347,9.84826,-0.011147963,-0.17393875,0.05314371
18.137,0.13399807,4.3322053,9.326625,0.06215371,-0.26067907,0.070247434
18.159,0.4881358,4.408776,8.62792,0.100026235,-0.20203774,0.09101624
18.18,0.64606214,4.4039903,8.326425,0.07559235,-0.040774055,0.15210097
18.201,0.35413775,4.1790648,8.479566,0.036498122,0.08872557,0.20096874
18.222,0.014356935,4.0067816,8.565707,0.0035123718,0.16447063,0.22295925
18.243,-0.25842485,3.8967116,8.804989,-0.00503949,0.18035266,0.22173755
18.266,-0.41156548,3.7483566,9.020343,-0.00503949,0.09849912,0.21440738
18.287,-0.2536392,3.8775692,8.900702,0.016951011,-0.054212693,0.20219044
18.307,0.2105684,4.0881376,8.369495,0.025502874,-0.1885991,0.18630841
18.327,0.6029913,4.174279,7.8909307,0.012064233,-0.21425468,0.167983
18.348,0.7800602,4.274778,7.589435,-0.020921519,-0.1446181,0.13621894
18.37,0.8135597,4.351348,7.5607214,-0.028251685,-0.033443887,0.09590302
18.39,0.75613195,4.3465624,7.7617183,-0.0025961008,0.07406523,0.064138964
18.411,0.57427746,4.3274198,8.091928,0.038941514,0.119267926,0.03970507
18.431,0.4833502,4.336991,8.292925,0.08536591,0.107050985,0.026266431
18.452,0.4019942,4.485346,8.431708,0.11957335,0.059404895,0.010384403
18.472,0.39720857,4.648058,8.422137,0.13912046,-0.027335415,0.00671932
18.492,0.5024927,4.81077,8.25464,0.11346488,-0.07742489,0.005497625
18.512,0.6221339,5.078766,8.077571,0.046271678,-0.08719844,-0.004275931
18.532,0.6652047,5.1696935,8.158927,-0.016034741,-0.08842014,-0.012827792
18.552,0.63170516,5.21755,8.230712,-0.06368083,-0.13240114,-0.021379653
18.573,0.6939186,5.255835,8.058429,-0.08078455,-0.18126893,-0.04703524
18.593,0.79441714,5.3419766,7.9818583,-0.08933641,-0.1641652,-0.09468132
18.615,0.93320084,5.5573306,8.111071,-0.08689302,-0.118962504,-0.12522368
18.637,1.0193424,5.6674004,8.235497,-0.07834116,-0.056656085,-0.13377555
18.658,0.8853444,5.729614,8.69492,-0.052685577,0.014202199,-0.15698774
18.679,0.6412765,5.8061843,9.307482,0.0193944,-0.02611372,-0.19730367
18.7,0.6029913,6.0358953,9.647263,0.14645062,-0.21181129,-0.22295925
18.722,1.0719845,6.428318,9.235697,0.21486552,-0.32665056,-0.21562909
18.742,1.3160524,6.4091754,9.1256275,0.13912046,-0.20081604,-0.1899735
18.762,1.2873386,6.0981083,9.589835,0.06826218,-0.096972,-0.17775655
18.783,0.9236295,5.7009,10.025329,-0.029473381,-0.038330667,-0.19119519
18.805,0.4881358,5.322834,10.164112,-0.10888352,-0.0077883024,-0.20585553
18.825,0.06699903,5.1026945,10.188041,-0.1369825,0.045966256,-0.1899735
18.845,-0.3397808,4.8394837,10.255039,-0.097888276,0.069178455,-0.1435491
18.865,-0.41635114,4.5188456,10.336395,0.0193944,-0.037108973,-0.032374904
18.887,-0.014356935,4.174279,9.70469,0.14522894,-0.18126893,0.099568106
18.908,0.47377887,3.9349968,8.905488,0.16966283,-0.14950487,0.1692047
18.93,0.7369894,3.7818563,8.474779,0.1317903,0.034971006,0.17042638
18.95,0.6029913,3.6717863,8.623135,0.08903099,0.15591876,0.15454435
18.971,0.44985065,3.6287155,8.757133,0.08292252,0.16202724,0.14965758
18.991,0.31106696,3.6143587,8.781061,0.093917765,0.09849912,0.14110571
19.011,0.35413775,3.6717863,8.6757765,0.12201674,0.021532366,0.11545013
19.031,0.5168497,3.839284,8.527422,0.13912046,-0.021226943,0.11056335
19.051,0.72263247,4.0067816,8.230712,0.15011571,-0.029778805,0.13377555
19.071,0.8566305,4.1838503,7.876574,0.14767233,0.017867282,0.1655396
19.091,0.8662018,4.3034916,7.77129,0.14889401,0.10827268,0.20585553
19.112,0.8039884,4.4279184,7.704291,0.13423368,0.22189027,0.2596101
19.133,0.5838487,4.51406,8.053643,0.10491302,0.3257343,0.32802498
19.155,0.33499518,4.51406,8.412566,0.09513946,0.33428615,0.3927748
19.176,0.25842485,4.5475593,8.469994,0.08047912,0.282975,0.4563029
19.197,0.3924229,4.566702,8.292925,0.014507622,0.27564484,0.503949
19.219,0.34456646,4.6289153,8.245069,-0.07711947,0.29152685,0.52227443
19.239,0.32063824,4.8681974,8.106285,-0.14919944,0.29885703,0.53326964
19.259,0.3684947,5.21755,7.9244304,-0.20661908,0.3501682,0.57969403
19.279,0.4546363,5.4903316,7.8287177,-0.23716144,0.40636614,0.66276926
19.299,0.5886344,5.552545,7.804789,-0.25548688,0.47844613,0.7470662
19.32,0.6556334,5.3994045,7.8670025,-0.27625567,0.5664081,0.83502823
19.34,0.7322037,5.1026945,8.211569,-0.2738123,0.58473355,0.89489126
19.36,0.67477596,4.8969116,8.350353,-0.22738789,0.5199837,0.8875611
19.38,0.8039884,5.0213385,8.283354,-0.14919944,0.46745086,0.8484668
19.401,1.0480564,5.265406,8.312068,-0.09910997,0.4833329,0.8594621
19.421,1.1533405,5.279763,8.618349,-0.057572354,0.47111595,0.9034431
19.441,1.2442678,5.078766,8.881559,-0.03436016,0.42102647,0.89733464
19.461,1.282553,4.9160542,9.072986,-0.018478129,0.3465031,0.8203679
19.481,1.2873386,4.8442693,9.283554,-0.008704574,0.26953635,0.723854
19.501,1.5744773,4.9160542,9.48455,0.024281178,0.19745637,0.6371137
19.521,1.7324036,4.9543395,9.532407,0.027946262,0.23288552,0.535713
19.542,1.5409778,4.753342,10.058828,0.0010689828,0.414918,0.3854446
19.562,0.91884387,4.648058,10.881959,0.06704049,0.43202174,0.20096874
19.582,0.56470615,4.6672006,11.092527,0.18432316,0.34161633,0.05070032
19.604,0.5599205,4.820341,10.8149605,0.25762483,0.3049655,-0.028709821
19.624,0.53599226,4.7341995,10.70489,0.22952586,0.33550787,-0.033596598
19.644,0.2632105,4.351348,10.719247,0.15133741,0.36849362,-0.054365408
19.665,-0.3684947,3.9254255,10.767104,0.09147438,0.33672956,-0.10567658
19.686,-0.67477596,3.6861434,10.680962,0.11468657,0.11193776,-0.1435491
19.708,-0.41156548,3.7052858,10.058828,0.14645062,-0.11407573,-0.12644538
19.728,-0.19621146,3.7627137,9.297911,0.14278555,-0.17760384,-0.08857285
19.748,-0.17228323,3.7627137,8.881559,0.12446013,-0.13484453,-0.056808796
19.768,-0.30149564,3.6717863,8.704491,0.1281252,-0.103080474,-0.03970507
19.788,-0.41635114,3.5617166,8.536993,0.14034216,-0.06765133,-0.032374904
19.81,-0.46899325,3.6000016,8.479566,0.14645062,-0.021226943,-0.037261683
19.83,-0.5838487,3.6670008,8.513064,0.1537808,0.021532366,-0.05070032
19.852,-0.6269195,3.7818563,8.498708,0.17210622,0.07895201,-0.08246438
19.872,-0.6029913,3.9637108,8.560922,0.19898349,0.12048962,-0.09834641
19.893,-0.6556334,4.0833516,8.680562,0.21853061,0.12048962,-0.08979455
19.914,-0.64606214,4.2221355,8.69492,0.24662958,0.10094251,-0.0787993
19.936,-0.61734825,4.351348,8.55135,0.25518143,0.08383878,-0.09834641
19.958,-0.6269195,4.5619164,8.465208,0.24907297,0.10460759,-0.16187452
19.978,-0.7082755,4.638487,8.637491,0.23196925,0.1241547,-0.20585553
19.999,-0.6987042,4.442275,8.867203,0.21730891,0.06429167,-0.23761958
20.02,-0.6029913,4.269992,8.92463,0.19287503,-0.022448637,-0.2987043
20.041,-0.6029913,3.9541395,9.130413,0.15622419,-0.1201842,-0.38422292
20.061,-0.6556334,3.6047873,9.436694,0.12690352,-0.28877804,-0.46729815
20.081,-0.59342,3.446861,9.580264,0.0645971,-0.5282302,-0.532048
20.101,-0.57906306,3.2027931,9.474979,-0.018478129,-0.7481352,-0.58213747
20.122,-0.57906306,2.6572297,9.55155,-0.12110047,-0.9668185,-0.7275191
20.143,-0.526421,2.408376,8.881559,-0.1809635,-1.1757283,-1.003622
20.163,0.10049855,2.8199415,8.14457,-0.24204823,-1.2588035,-1.3017155
20.183,0.66041905,3.5569308,7.268797,-0.28236416,-1.1256388,-1.4495405
20.203,1.5266209,7.749156,-4.4081774,0.16355436,-0.20081604,-1.4483188
20.224,-0.34456646,4.81077,8.804989,0.4653129,-0.17149536,-1.4177765
20.245,0.17706887,4.5427737,8.503493,0.33703497,-0.17882554,-1.555828
20.265,0.07178468,4.959125,8.690134,0.100026235,-0.16660859,-1.6450117
20.285,-0.44027936,5.2941203,8.886345,-0.057572354,-0.16905198,-1.7341954
20.307,-0.7704889,5.7631135,8.915059,-0.112548605,-0.19104248,-1.775733
20.328,-0.80877405,6.303891,9.384052,-0.10521844,-0.184934,-1.6254646
20.348,-1.2203395,6.1698933,10.609178,-0.09300149,-0.34497598,-1.3420315
20.372,-1.5840486,5.6482577,11.216954,-0.07101099,-0.6992674,-1.1221265
20.392,-3.9768713,7.954939,-9.409177,0.46653458,-0.11163234,-1.0085088
20.413,-0.75613195,5.619544,11.638091,0.5325061,-0.7041542,-0.9474241
20.434,-1.8664017,6.37089,6.4648085,0.5092939,-0.6174139,-0.84235835
20.455,-1.1102697,6.361319,9.278768,0.4164451,-0.51845664,-0.76050484
20.475,-0.6221339,6.3278193,9.920045,0.36757734,-0.5160132,-0.6578825
20.495,-0.9762716,5.959325,8.623135,0.32481802,-0.6540647,-0.5515951
20.515,-0.4354937,5.332405,8.154141,0.1317903,-0.80799824,-0.41598698
20.536,-0.45942193,4.1024942,8.158927,-0.12965234,-0.82754534,-0.5234961
20.557,-1.052842,4.4039903,7.7186475,-0.16874656,-0.8165501,-0.7983774
20.577,-1.0480564,7.7012997,7.508079,-0.023364907,-0.78478605,-0.80326414
20.6,-0.47856453,5.968896,8.139785,0.21608722,-0.7505786,-0.6126798
20.621,0.2009971,5.5477595,7.9052877,0.4384356,-0.5942017,-0.73851436
20.643,0.20578274,6.4618177,7.47458,0.5508315,-0.3694099,-0.77272177
20.664,-0.2536392,6.6819572,7.656434,0.6216898,-0.2985516,-0.73607093
20.685,-0.57906306,6.863812,6.5892353,0.69743484,-0.24846213,-0.75683975
20.706,-0.15792629,7.442875,6.6945195,0.73775077,-0.13606623,-0.6725428
20.726,-0.3924229,8.285149,6.460023,0.63268507,-0.020005248,-0.49173203
20.746,-0.61734825,7.6869426,6.608378,0.3981197,0.08750387,-0.2583884
20.767,-0.74177504,7.112665,7.0678,0.14400724,0.11193776,-0.15210097
20.789,-0.7513463,7.198807,7.1300135,-0.12720895,0.11560284,-0.076355904
20.809,-0.7896315,7.007381,7.508079,-0.34711397,0.08506048,0.014049487
20.829,-0.6412765,6.815955,7.010372,-0.55006796,0.07284354,0.13621894
20.849,-0.6891329,6.4474607,6.6131635,-0.6526903,0.18523943,0.22540264
20.87,-0.86141616,6.1651077,6.608378,-0.6759025,0.27075803,0.29626092
20.891,-1.0671989,5.77747,7.77129,-0.6966713,0.16080554,0.3658975
20.911,-0.5886344,5.901897,6.996015,-0.7382089,0.3281777,0.40377003
20.931,-0.65084773,5.7726846,6.742376,-0.741874,0.4601207,0.42942563
20.952,-0.7082755,5.6913285,7.1730843,-0.72965705,0.5053234,0.50639236
20.972,-0.6843473,5.447261,7.326225,-0.69422793,0.4772244,0.6126798
20.992,-0.14356937,5.4376893,7.326225,-0.7382089,0.51509696,0.71774554
21.013,0.11964113,5.174479,7.4458656,-0.8530482,0.6299362,0.80692923
21.034,-0.30149564,4.3274198,8.182856,-0.96788746,0.706903,0.82281125
21.055,-0.4211368,3.8584266,8.967701,-1.00576,0.634823,0.7458445
21.077,-0.56470615,3.4851463,10.168898,-0.97643936,0.5285356,0.6774296
21.099,-0.6652047,3.4995031,10.436894,-0.8640435,0.29641363,0.6652127
21.12,0.3493521,3.2650065,10.121041,-0.8029587,0.16324893,0.6407788
21.141,0.7800602,3.0400813,9.771689,-0.79440683,0.17180079,0.591911
21.162,0.31585258,3.1310084,9.771689,-0.873817,0.2121167,0.532048
21.184,0.45942193,3.609573,10.173684,-0.97888273,0.1681357,0.532048
21.205,0.31585258,3.8871403,10.259826,-1.1462549,0.09483404,0.55648184
21.226,0.28713873,3.6047873,10.389038,-1.250099,0.039857782,0.5833591
21.248,-0.40677986,3.9014974,10.795817,-1.341726,-0.08964183,0.6029062
21.27,-0.047856454,3.6670008,11.097313,-1.3478345,-0.25701398,0.6688777
21.29,0.52163535,3.3415768,10.762318,-1.2965233,-0.3193204,0.7910472
21.31,0.61734825,3.2889347,10.733604,-1.2781979,-0.26678753,0.98040986
21.333,0.4881358,2.2648067,11.159527,-1.2647593,-0.26678753,1.2088667
21.353,0.33020952,1.2981063,10.934601,-1.1389247,-0.2997733,1.2601779
21.375,-0.3924229,0.80997044,10.767104,-0.8970292,-0.3645231,1.0940274
21.396,0.19621146,0.54675996,10.786246,-0.72477025,-0.39384377,0.9009997
21.416,0.09092726,0.45583272,10.575678,-0.7467608,-0.37918344,0.7629482
21.437,-0.12921242,0.317049,10.3028965,-0.7870767,-0.33031565,0.535713
21.458,-0.047856454,0.6376872,10.164112,-0.8909207,-0.33275905,0.40010494
21.48,0.07178468,0.66161543,9.719048,-0.9849912,-0.3425326,0.27304873
21.5,0.0,0.8578269,9.28834,-1.0069817,-0.31199023,0.19363858
21.521,-0.086141616,0.9631111,8.757133,-0.8970292,-0.30343837,0.18264332
21.541,0.2632105,0.82911307,8.087142,-0.7614211,-0.23380178,0.19363858
21.562,0.6269195,0.4223332,8.024929,-0.63558656,-0.028557109,0.22662434
21.582,0.57906306,0.35533416,8.292925,-0.5757235,0.08994726,0.29626092
21.603,0.4354937,-0.1902294,8.450851,-0.49387002,0.17668757,0.33535513
21.625,0.32063824,-0.56829536,8.84806,-0.34100547,0.12659809,0.22906773
21.648,1.0432707,-0.3481557,8.876774,-0.27503398,0.15958385,0.012827792
21.669,1.3208381,-0.23808585,9.058628,-0.33123192,0.35749835,-0.1435491
21.691,0.82313097,0.24047868,10.063614,-0.37154785,0.5541912,-0.20707722
21.711,0.076570325,0.48454657,9.800404,-0.35200074,0.618941,-0.1227803
21.731,-0.74177504,0.16390835,10.996815,-0.30068958,0.56152135,0.06902574
21.751,-0.4211368,-0.30029923,10.685748,-0.2518218,0.40025768,0.14110571
21.771,0.46899325,-1.0612168,10.384252,-0.1797418,0.40025768,-0.08735116
21.791,0.3062813,-1.3196417,10.456037,-0.12110047,0.6152759,-0.5674771
21.811,0.014356935,-0.84107715,11.082956,0.0035123718,0.67147386,-0.9510892
21.832,0.38285163,0.4223332,11.681162,0.15988927,0.5199837,-1.0854756
21.853,0.5455636,0.9200403,11.29831,0.2673984,0.34283802,-0.9926268
21.873,0.4977071,1.2550355,11.092527,0.3284831,0.42713493,-0.85457534
21.893,-0.086141616,0.81954175,11.437094,0.4225536,0.4796678,-0.65910417
21.915,-0.3589234,0.5132605,11.824731,0.48363832,0.3037438,-0.53693473
21.935,-0.67477596,0.65682983,11.623734,0.5679352,0.113159455,-0.5442649
21.958,-0.971486,1.0396814,11.293525,0.74141586,-0.12995775,-0.57602894
21.979,-0.83748794,1.5230316,10.70489,0.9185616,-0.29610822,-0.519831
22.0,-0.4211368,2.015953,10.307682,1.0553913,-0.2997733,-0.37811446
22.021,-0.2009971,2.43709,9.838689,1.1299148,-0.17271706,-0.17897825
22.042,-0.41635114,2.7194428,9.88176,1.169009,-0.01267508,0.037261683
22.062,-0.5886344,2.6428726,10.025329,1.1775608,-0.013896775,0.23028941
22.083,-1.282553,2.5950162,9.55155,1.1115893,0.012980504,0.38422292
22.104,-1.8999012,2.638087,9.364909,0.9820897,0.18768282,0.49051034
22.124,-1.9238294,2.4514468,9.508479,0.8061657,0.27320144,0.6261184
22.144,-1.2777673,2.3174486,9.417552,0.6216898,0.1693574,0.73240584
22.166,-1.0001999,2.3509483,8.871988,0.40300646,0.12293301,0.7201889
22.186,-0.7704889,2.6476583,8.560922,0.24785128,0.33306447,0.6652127
22.208,-0.9762716,2.3892334,8.871988,0.04382829,0.6213844,0.6652127
22.229,-1.4356936,2.1355941,9.307482,-0.12965234,0.75577074,0.73362756
22.249,-1.9764715,1.8628124,9.699904,-0.21272756,0.68613416,0.8057075
22.27,-2.0865414,1.5756737,9.819546,-0.18340689,0.49310645,0.7739435
22.29,-1.9669002,1.2837493,9.010772,-0.12476555,0.4833329,0.6774296
22.31,-2.0195422,0.9726824,8.546564,-0.07345438,0.73378026,0.59679776
22.331,-2.3928227,1.2119647,8.857632,0.0645971,0.94513345,0.4563029
22.352,-2.8091738,1.6043876,9.690333,0.3113794,0.80463856,0.24250636
22.372,-2.6416762,1.9824536,9.422338,0.52639765,0.51876205,0.05803049
22.392,-2.254039,1.7910278,9.336196,0.6497888,0.34528142,-0.07513421
22.412,-1.9669002,2.0350957,8.915059,0.704765,0.3965926,-0.1435491
22.433,-2.0961127,2.2552354,8.6757765,0.7817318,0.49799323,-0.22906773
22.453,-1.8855443,2.4658036,8.69492,0.9136748,0.58839864,-0.31580803
22.473,-2.0386848,2.3318057,8.733205,0.9735378,0.67880404,-0.3671192
22.495,-1.942972,3.0448668,9.235697,1.0981506,0.60916746,-0.46729815
22.516,-1.8855443,3.3894334,9.297911,1.1934428,0.5212054,-0.5076141
22.537,-1.8999012,3.4133615,9.355338,1.1506835,0.47600272,-0.42698222
22.557,-1.5601203,3.3511481,10.073185,0.99919343,0.2780882,-0.26327518
22.577,-1.4452649,3.2123644,10.336395,0.9356653,-0.06520794,-0.19486028
22.599,-1.3591232,3.9014974,10.207183,0.9185616,-0.3461977,-0.14721419
22.619,-1.8855443,3.4707892,9.642477,0.88191074,-0.48424917,-0.070247434
22.639,-1.942972,3.1357942,10.082756,0.81105244,-0.55632913,-0.02260135
22.659,-1.9190438,3.2793634,10.479965,0.76462805,-0.90573376,-0.11056335
22.68,-2.0386848,3.8584266,10.17847,0.7279772,-1.3467655,-0.23884128
22.7,-1.6366907,4.0833516,9.398409,0.61191624,-1.5055858,-0.2583884
22.72,-0.89013004,3.7962132,8.8289175,0.38345936,-1.4237323,-0.26083177
22.74,-0.9236295,3.8201413,8.66142,0.14400724,-1.2136008,-0.31214294
22.761,-0.6843473,3.92064,9.489336,-0.0697893,-1.0474503,-0.29015246
22.783,-1.1629118,3.7483566,10.350753,-0.2518218,-1.10487,-0.22784603
22.803,-1.2490535,3.5904303,10.661819,-0.32756683,-1.4432794,-0.2131857
22.824,-0.7178468,3.8009987,9.929616,-0.37521294,-1.5898827,-0.22051586
22.844,-0.6412765,4.6002016,9.010772,-0.3825431,-1.4701567,-0.29015246
22.864,-0.86141616,5.3180485,9.077771,-0.32145837,-1.3113364,-0.28404397
22.884,-1.038485,5.8683977,9.18784,-0.3092414,-1.1439642,-0.13988402
22.904,-1.3399807,5.9497533,9.55155,-0.3385621,-1.0266815,0.08490777
22.924,-1.3112668,5.552545,9.546764,-0.4083514,-1.1354123,0.23151112
22.945,-1.253839,4.983053,8.814561,-0.48043138,-1.1940536,0.24128467
22.967,-0.2105684,4.5284166,8.919845,-0.5989357,-1.2355913,0.06291727
22.988,1.5744773,4.3704906,8.670991,-0.7125533,-1.2942326,-0.05803049
23.008,2.4454648,4.3609195,7.9722867,-0.81639737,-1.1231954,-0.14110571
23.029,2.7182465,4.557131,7.8143606,-0.8102889,-0.8776348,-0.16676131
23.05,2.6416762,4.619344,8.714062,-0.7113316,-0.63940436,-0.108119965
23.07,2.507678,4.1838503,9.183055,-0.5781669,-0.62718743,0.02260135
23.09,2.4646072,3.6047873,9.216555,-0.4266768,-0.6064186,0.117893524
23.112,2.254039,3.1262228,9.608977,-0.26159534,-0.57343286,0.13866232
23.133,2.024328,2.7290142,10.092328,-0.09910997,-0.7481352,0.08857285
23.155,2.2444677,2.5040889,9.886545,-0.023364907,-0.92894596,0.02260135
23.175,2.5411777,2.5088747,9.613763,-0.014813046,-0.8996253,-0.09468132
23.196,2.6943183,2.6189444,9.699904,-0.029473381,-0.8104416,-0.22906773
23.217,2.536392,2.585445,10.0061865,-0.033138465,-0.8874084,-0.3231382
23.237,2.6895328,2.4849463,9.967901,-0.07345438,-1.1060916,-0.29259583
23.258,5.9007006,4.322634,-21.818356,1.2019947,-0.27900448,-0.13377555
23.278,2.0721843,3.690929,4.512265,1.2190984,-0.8605311,-0.21074231
23.299,3.3355947,2.6285157,6.5030937,1.044396,-0.5624376,-0.3854446
23.32,3.2973096,2.9108686,7.2448688,0.46286952,-0.39628717,-0.46851984
23.341,3.101098,2.288735,7.4123664,-0.18951537,-0.6565081,-0.6847598
23.362,2.7038896,2.9443684,15.303895,-0.030695075,-0.2716743,-0.45263782
23.383,3.0963125,5.428118,6.17767,-0.17852011,-0.31321192,-0.24739315
23.404,3.2159536,4.9878387,7.809575,-0.19684553,-0.21303298,-0.060473878
23.425,3.694518,4.5284166,7.2879395,-0.052685577,-0.109188944,-0.073912516
23.446,3.8668015,4.3130627,7.6516485,0.13056861,0.016645588,-0.11545013
23.467,3.397808,4.365705,7.8335032,0.27839363,0.11193776,-0.13499725
23.487,3.1872396,4.4949174,8.59442,0.4005631,0.20356485,-0.14843589
23.507,3.182454,4.6959143,9.063414,0.44943088,0.16691402,-0.117893524
23.528,3.2590244,4.7007003,9.240483,0.38712445,0.09605573,-0.048256934
23.549,3.249453,4.2556353,9.082557,0.27106348,0.010537115,0.009162709
23.571,3.546163,3.418147,8.73799,0.1293469,-0.04566083,-0.018936265
23.592,3.6179478,4.0642095,8.307282,-0.06734591,-0.060321167,-0.005497625
23.613,3.9768713,3.867998,8.068,-0.2493784,-0.037108973,-0.012827792
23.634,3.9050865,3.8344984,7.7904325,-0.34589225,0.032527618,-0.05803049
23.655,3.6658044,3.9637108,7.9100733,-0.30557635,0.06062659,-0.08735116
23.675,3.5365918,4.011567,8.130213,-0.22127941,0.07650862,-0.10934166
23.696,3.522235,4.1024942,8.249854,-0.10521844,0.07773031,-0.15087928
23.716,3.2685957,4.2221355,8.546564,-0.028251685,0.07773031,-0.17775655
23.736,3.101098,4.3274198,8.742776,0.030389652,0.042301174,-0.17164809
23.757,3.07717,4.3322053,8.781061,0.04871507,0.009315421,-0.15698774
23.778,3.182454,4.2891345,8.742776,0.015729317,0.0056503373,-0.15698774
23.799,3.196811,4.375276,8.59442,-0.008704574,-0.0029015245,-0.15943113
23.821,3.1776686,4.604987,8.4604225,-0.018478129,-0.0077883024,-0.1447708
23.841,3.158526,4.6767716,8.374281,-0.018478129,-0.0029015245,-0.11667182
23.861,3.1345978,4.686343,8.335996,-0.00503949,-0.0029015245,-0.08735116
23.883,3.2350962,4.671986,8.158927,0.0071774554,0.017867282,-0.045813546
23.903,3.249453,4.6097727,8.345567,-0.008704574,0.048409645,-0.015271181
23.923,3.2398818,4.581059,8.4604225,-0.022143213,0.04352287,0.005497625
23.943,3.2733815,4.5475593,8.402995,-0.039246935,0.032527618,0.02260135
23.963,3.2590244,4.5475593,8.355139,-0.027029991,0.03863609,0.04459185
23.984,3.2350962,4.490132,8.345567,0.015729317,0.03863609,0.073912516
24.005,3.3164523,4.442275,8.355139,0.051158458,0.045966256,0.09101624
24.026,3.3547373,4.284349,8.498708,0.06704049,0.050853033,0.08857285
24.048,3.2638102,4.150351,8.546564,0.0645971,0.021532366,0.083686076
24.07,3.3403804,4.092923,8.44128,0.058488626,0.003206948,0.060473878
24.09,3.3116665,4.150351,8.493922,0.051158458,0.009315421,0.04214846
24.112,3.359523,4.150351,8.465208,0.065818