注意,method_key,method,file,n,extinctions_mean_before,extinctions_std_before,endpoint_m_mean_before,endpoint_m_std_before,turning_pct_mean_before,turning_pct_min_before,turning_pct_max_before,extinctions_mean_after,extinctions_std_after,endpoint_m_mean_after,endpoint_m_std_after,turning_pct_mean_after,turning_pct_min_after,turning_pct_max_after
調整用データ(0805の3本)。評価結果ではない。終点までの距離は代替指標でRMSEではない,A_pdr,PDRのみ,pdr_log_0805_1438.csv,1,,,83.84,,,,,,,83.84,,,,
調整用データ(0805の3本)。評価結果ではない。終点までの距離は代替指標でRMSEではない,A_pdr,PDRのみ,pdr_log_0805_1441.csv,1,,,18.46,,,,,,,18.46,,,,
調整用データ(0805の3本)。評価結果ではない。終点までの距離は代替指標でRMSEではない,A_pdr,PDRのみ,pdr_log_0805_1442.csv,1,,,13.32,,,,,,,13.32,,,,
調整用データ(0805の3本)。評価結果ではない。終点までの距離は代替指標でRMSEではない,B_fixed,固定粒子数PF,pdr_log_0805_1438.csv,6,10.0,1.41,69.17,0.08,98.1,98.1,98.1,10.0,1.41,69.17,0.08,81.9,81.9,81.9
調整用データ(0805の3本)。評価結果ではない。終点までの距離は代替指標でRMSEではない,B_fixed,固定粒子数PF,pdr_log_0805_1441.csv,6,0.0,0.0,17.49,1.39,81.01,81.01,81.01,0.0,0.0,17.49,1.39,100.0,100.0,100.0
調整用データ(0805の3本)。評価結果ではない。終点までの距離は代替指標でRMSEではない,B_fixed,固定粒子数PF,pdr_log_0805_1442.csv,6,2.67,2.8,19.02,6.84,86.84,86.84,86.84,2.67,2.8,19.02,6.84,85.53,85.53,85.53
調整用データ(0805の3本)。評価結果ではない。終点までの距離は代替指標でRMSEではない,C_adaptive,移動様態適応PF,pdr_log_0805_1438.csv,6,11.0,0.63,69.18,0.18,98.1,98.1,98.1,10.33,0.52,69.28,0.16,81.9,81.9,81.9
調整用データ(0805の3本)。評価結果ではない。終点までの距離は代替指標でRMSEではない,C_adaptive,移動様態適応PF,pdr_log_0805_1441.csv,6,0.0,0.0,17.53,0.36,81.01,81.01,81.01,0.0,0.0,17.16,0.53,100.0,100.0,100.0
調整用データ(0805の3本)。評価結果ではない。終点までの距離は代替指標でRMSEではない,C_adaptive,移動様態適応PF,pdr_log_0805_1442.csv,6,1.5,0.84,13.29,1.56,86.84,86.84,86.84,1.5,0.84,13.29,1.54,85.53,85.53,85.53
調整用データ(0805の3本)。評価結果ではない。終点までの距離は代替指標でRMSEではない,E_proposed,提案方式,pdr_log_0805_1438.csv,6,5.17,0.41,67.93,0.19,98.1,98.1,98.1,6.0,0.0,67.78,0.27,81.9,81.9,81.9
調整用データ(0805の3本)。評価結果ではない。終点までの距離は代替指標でRMSEではない,E_proposed,提案方式,pdr_log_0805_1441.csv,6,2.17,0.41,15.63,1.44,81.01,81.01,81.01,0.0,0.0,15.75,0.43,100.0,100.0,100.0
調整用データ(0805の3本)。評価結果ではない。終点までの距離は代替指標でRMSEではない,E_proposed,提案方式,pdr_log_0805_1442.csv,6,0.17,0.41,12.6,1.2,86.84,86.84,86.84,0.17,0.41,12.57,1.21,85.53,85.53,85.53
