method_key,file,seed,turning_pct,version
B_fixed,pdr_log_0805_1438.csv,1,98.1,before
B_fixed,pdr_log_0805_1441.csv,1,81.01,before
B_fixed,pdr_log_0805_1442.csv,1,86.84,before
B_fixed,pdr_log_0805_1438.csv,100,98.1,before
B_fixed,pdr_log_0805_1441.csv,100,81.01,before
B_fixed,pdr_log_0805_1442.csv,100,86.84,before
B_fixed,pdr_log_0805_1438.csv,2024,98.1,before
B_fixed,pdr_log_0805_1441.csv,2024,81.01,before
B_fixed,pdr_log_0805_1442.csv,2024,86.84,before
B_fixed,pdr_log_0805_1438.csv,42,98.1,before
B_fixed,pdr_log_0805_1441.csv,42,81.01,before
B_fixed,pdr_log_0805_1442.csv,42,86.84,before
B_fixed,pdr_log_0805_1438.csv,7,98.1,before
B_fixed,pdr_log_0805_1441.csv,7,81.01,before
B_fixed,pdr_log_0805_1442.csv,7,86.84,before
B_fixed,pdr_log_0805_1438.csv,777,98.1,before
B_fixed,pdr_log_0805_1441.csv,777,81.01,before
B_fixed,pdr_log_0805_1442.csv,777,86.84,before
C_adaptive,pdr_log_0805_1438.csv,1,98.1,before
C_adaptive,pdr_log_0805_1441.csv,1,81.01,before
C_adaptive,pdr_log_0805_1442.csv,1,86.84,before
C_adaptive,pdr_log_0805_1438.csv,100,98.1,before
C_adaptive,pdr_log_0805_1441.csv,100,81.01,before
C_adaptive,pdr_log_0805_1442.csv,100,86.84,before
C_adaptive,pdr_log_0805_1438.csv,2024,98.1,before
C_adaptive,pdr_log_0805_1441.csv,2024,81.01,before
C_adaptive,pdr_log_0805_1442.csv,2024,86.84,before
C_adaptive,pdr_log_0805_1438.csv,42,98.1,before
C_adaptive,pdr_log_0805_1441.csv,42,81.01,before
C_adaptive,pdr_log_0805_1442.csv,42,86.84,before
C_adaptive,pdr_log_0805_1438.csv,7,98.1,before
C_adaptive,pdr_log_0805_1441.csv,7,81.01,before
C_adaptive,pdr_log_0805_1442.csv,7,86.84,before
C_adaptive,pdr_log_0805_1438.csv,777,98.1,before
C_adaptive,pdr_log_0805_1441.csv,777,81.01,before
C_adaptive,pdr_log_0805_1442.csv,777,86.84,before
E_proposed,pdr_log_0805_1438.csv,1,98.1,before
E_proposed,pdr_log_0805_1441.csv,1,81.01,before
E_proposed,pdr_log_0805_1442.csv,1,86.84,before
E_proposed,pdr_log_0805_1438.csv,100,98.1,before
E_proposed,pdr_log_0805_1441.csv,100,81.01,before
E_proposed,pdr_log_0805_1442.csv,100,86.84,before
E_proposed,pdr_log_0805_1438.csv,2024,98.1,before
E_proposed,pdr_log_0805_1441.csv,2024,81.01,before
E_proposed,pdr_log_0805_1442.csv,2024,86.84,before
E_proposed,pdr_log_0805_1438.csv,42,98.1,before
E_proposed,pdr_log_0805_1441.csv,42,81.01,before
E_proposed,pdr_log_0805_1442.csv,42,86.84,before
E_proposed,pdr_log_0805_1438.csv,7,98.1,before
E_proposed,pdr_log_0805_1441.csv,7,81.01,before
E_proposed,pdr_log_0805_1442.csv,7,86.84,before
E_proposed,pdr_log_0805_1438.csv,777,98.1,before
E_proposed,pdr_log_0805_1441.csv,777,81.01,before
E_proposed,pdr_log_0805_1442.csv,777,86.84,before
B_fixed,pdr_log_0805_1438.csv,1,81.9,after
B_fixed,pdr_log_0805_1441.csv,1,100.0,after
B_fixed,pdr_log_0805_1442.csv,1,85.53,after
B_fixed,pdr_log_0805_1438.csv,100,81.9,after
B_fixed,pdr_log_0805_1441.csv,100,100.0,after
B_fixed,pdr_log_0805_1442.csv,100,85.53,after
B_fixed,pdr_log_0805_1438.csv,2024,81.9,after
B_fixed,pdr_log_0805_1441.csv,2024,100.0,after
B_fixed,pdr_log_0805_1442.csv,2024,85.53,after
B_fixed,pdr_log_0805_1438.csv,42,81.9,after
B_fixed,pdr_log_0805_1441.csv,42,100.0,after
B_fixed,pdr_log_0805_1442.csv,42,85.53,after
B_fixed,pdr_log_0805_1438.csv,7,81.9,after
B_fixed,pdr_log_0805_1441.csv,7,100.0,after
B_fixed,pdr_log_0805_1442.csv,7,85.53,after
B_fixed,pdr_log_0805_1438.csv,777,81.9,after
B_fixed,pdr_log_0805_1441.csv,777,100.0,after
B_fixed,pdr_log_0805_1442.csv,777,85.53,after
C_adaptive,pdr_log_0805_1438.csv,1,81.9,after
C_adaptive,pdr_log_0805_1441.csv,1,100.0,after
C_adaptive,pdr_log_0805_1442.csv,1,85.53,after
C_adaptive,pdr_log_0805_1438.csv,100,81.9,after
C_adaptive,pdr_log_0805_1441.csv,100,100.0,after
C_adaptive,pdr_log_0805_1442.csv,100,85.53,after
C_adaptive,pdr_log_0805_1438.csv,2024,81.9,after
C_adaptive,pdr_log_0805_1441.csv,2024,100.0,after
C_adaptive,pdr_log_0805_1442.csv,2024,85.53,after
C_adaptive,pdr_log_0805_1438.csv,42,81.9,after
C_adaptive,pdr_log_0805_1441.csv,42,100.0,after
C_adaptive,pdr_log_0805_1442.csv,42,85.53,after
C_adaptive,pdr_log_0805_1438.csv,7,81.9,after
C_adaptive,pdr_log_0805_1441.csv,7,100.0,after
C_adaptive,pdr_log_0805_1442.csv,7,85.53,after
C_adaptive,pdr_log_0805_1438.csv,777,81.9,after
C_adaptive,pdr_log_0805_1441.csv,777,100.0,after
C_adaptive,pdr_log_0805_1442.csv,777,85.53,after
E_proposed,pdr_log_0805_1438.csv,1,81.9,after
E_proposed,pdr_log_0805_1441.csv,1,100.0,after
E_proposed,pdr_log_0805_1442.csv,1,85.53,after
E_proposed,pdr_log_0805_1438.csv,100,81.9,after
E_proposed,pdr_log_0805_1441.csv,100,100.0,after
E_proposed,pdr_log_0805_1442.csv,100,85.53,after
E_proposed,pdr_log_0805_1438.csv,2024,81.9,after
E_proposed,pdr_log_0805_1441.csv,2024,100.0,after
E_proposed,pdr_log_0805_1442.csv,2024,85.53,after
E_proposed,pdr_log_0805_1438.csv,42,81.9,after
E_proposed,pdr_log_0805_1441.csv,42,100.0,after
E_proposed,pdr_log_0805_1442.csv,42,85.53,after
E_proposed,pdr_log_0805_1438.csv,7,81.9,after
E_proposed,pdr_log_0805_1441.csv,7,100.0,after
E_proposed,pdr_log_0805_1442.csv,7,85.53,after
E_proposed,pdr_log_0805_1438.csv,777,81.9,after
E_proposed,pdr_log_0805_1441.csv,777,100.0,after
E_proposed,pdr_log_0805_1442.csv,777,85.53,after
