# sensitivity_uncertainty_particles.py の出力(本番、6シード)。不確実性適応粒子数の4パラメータのOFAT感度分析、15パラメータ組×seed={1,7,42,100,777,2024}×3ファイル=270行。結論: いずれの軸もベースライン(0.30/0.60/1.5/0.75)を明確に上回らず、初期値は妥当と確認(memo/uncertainty_particles.md、CLAUDE_MEMO.txt §8.2参照)。
combo,seed,file,neff_low_ratio,neff_high_ratio,boost_factor,shrink_factor,steps,extinctions,valid_ratio,route_ratio,neff_mean,pos_spread_mean,final_x,final_y,endpoint_error_x
baseline,1,pdr_log_0805_1438.csv,0.3,0.6,1.5,0.75,197,23,0.385,0.631,203.9,52.8,347.8,235.9,452.2
baseline,1,pdr_log_0805_1441.csv,0.3,0.6,1.5,0.75,143,20,0.258,0.423,130.3,58.7,290.2,223.4,509.8
baseline,1,pdr_log_0805_1442.csv,0.3,0.6,1.5,0.75,131,2,0.699,0.784,284.7,83.6,735.5,118.0,64.5
baseline,7,pdr_log_0805_1438.csv,0.3,0.6,1.5,0.75,197,23,0.381,0.62,200.5,68.0,334.3,241.3,465.7
baseline,7,pdr_log_0805_1441.csv,0.3,0.6,1.5,0.75,143,19,0.221,0.387,115.9,45.3,306.4,223.4,493.6
baseline,7,pdr_log_0805_1442.csv,0.3,0.6,1.5,0.75,131,2,0.675,0.758,278.4,57.4,732.2,114.1,67.79999999999995
baseline,42,pdr_log_0805_1438.csv,0.3,0.6,1.5,0.75,197,22,0.377,0.615,197.4,57.7,360.3,237.0,439.7
baseline,42,pdr_log_0805_1441.csv,0.3,0.6,1.5,0.75,143,18,0.315,0.455,145.5,67.8,455.2,108.8,344.8
baseline,42,pdr_log_0805_1442.csv,0.3,0.6,1.5,0.75,131,2,0.682,0.759,280.1,58.6,731.7,115.7,68.29999999999995
baseline,100,pdr_log_0805_1438.csv,0.3,0.6,1.5,0.75,197,23,0.375,0.615,202.0,56.7,299.3,238.2,500.7
baseline,100,pdr_log_0805_1441.csv,0.3,0.6,1.5,0.75,143,19,0.249,0.417,126.0,58.2,334.8,223.7,465.2
baseline,100,pdr_log_0805_1442.csv,0.3,0.6,1.5,0.75,131,2,0.662,0.745,275.2,66.2,736.8,117.8,63.200000000000045
baseline,777,pdr_log_0805_1438.csv,0.3,0.6,1.5,0.75,197,22,0.383,0.628,205.0,57.0,330.8,236.7,469.2
baseline,777,pdr_log_0805_1441.csv,0.3,0.6,1.5,0.75,143,20,0.287,0.455,139.5,73.1,423.2,109.3,376.8
baseline,777,pdr_log_0805_1442.csv,0.3,0.6,1.5,0.75,131,2,0.662,0.752,272.3,69.3,729.3,119.9,70.70000000000005
baseline,2024,pdr_log_0805_1438.csv,0.3,0.6,1.5,0.75,197,22,0.37,0.613,197.7,52.5,292.5,236.1,507.5
baseline,2024,pdr_log_0805_1441.csv,0.3,0.6,1.5,0.75,143,20,0.226,0.386,119.1,54.7,293.6,225.4,506.4
baseline,2024,pdr_log_0805_1442.csv,0.3,0.6,1.5,0.75,131,2,0.677,0.769,280.4,48.6,731.3,119.5,68.70000000000005
neff_low_ratio=0.15,1,pdr_log_0805_1438.csv,0.15,0.6,1.5,0.75,197,23,0.388,0.628,194.3,61.6,314.5,235.2,485.5
neff_low_ratio=0.15,1,pdr_log_0805_1441.csv,0.15,0.6,1.5,0.75,143,21,0.259,0.423,124.2,59.5,280.9,225.2,519.1
neff_low_ratio=0.15,1,pdr_log_0805_1442.csv,0.15,0.6,1.5,0.75,131,2,0.672,0.754,267.8,59.8,732.2,114.4,67.79999999999995
neff_low_ratio=0.15,7,pdr_log_0805_1438.csv,0.15,0.6,1.5,0.75,197,23,0.368,0.609,190.2,52.7,321.8,237.2,478.2
neff_low_ratio=0.15,7,pdr_log_0805_1441.csv,0.15,0.6,1.5,0.75,143,19,0.243,0.411,115.8,49.1,275.7,223.1,524.3
neff_low_ratio=0.15,7,pdr_log_0805_1442.csv,0.15,0.6,1.5,0.75,131,2,0.673,0.754,268.8,45.4,741.0,115.1,59.0
neff_low_ratio=0.15,42,pdr_log_0805_1438.csv,0.15,0.6,1.5,0.75,197,23,0.382,0.632,192.8,61.7,289.0,240.7,511.0
neff_low_ratio=0.15,42,pdr_log_0805_1441.csv,0.15,0.6,1.5,0.75,143,21,0.27,0.432,126.6,54.2,322.4,223.8,477.6
neff_low_ratio=0.15,42,pdr_log_0805_1442.csv,0.15,0.6,1.5,0.75,131,3,0.672,0.753,263.9,106.7,737.1,117.4,62.89999999999998
neff_low_ratio=0.15,100,pdr_log_0805_1438.csv,0.15,0.6,1.5,0.75,197,23,0.366,0.605,185.8,59.4,269.9,238.1,530.1
neff_low_ratio=0.15,100,pdr_log_0805_1441.csv,0.15,0.6,1.5,0.75,143,21,0.26,0.428,125.1,57.0,306.0,224.6,494.0
neff_low_ratio=0.15,100,pdr_log_0805_1442.csv,0.15,0.6,1.5,0.75,131,3,0.671,0.756,269.3,47.8,731.5,113.7,68.5
neff_low_ratio=0.15,777,pdr_log_0805_1438.csv,0.15,0.6,1.5,0.75,197,24,0.396,0.619,198.3,61.9,282.5,235.0,517.5
neff_low_ratio=0.15,777,pdr_log_0805_1441.csv,0.15,0.6,1.5,0.75,143,20,0.251,0.405,118.2,56.2,291.5,223.0,508.5
neff_low_ratio=0.15,777,pdr_log_0805_1442.csv,0.15,0.6,1.5,0.75,131,2,0.661,0.745,265.1,51.9,731.7,118.3,68.29999999999995
neff_low_ratio=0.15,2024,pdr_log_0805_1438.csv,0.15,0.6,1.5,0.75,197,22,0.386,0.624,195.9,61.1,310.1,237.6,489.9
neff_low_ratio=0.15,2024,pdr_log_0805_1441.csv,0.15,0.6,1.5,0.75,143,21,0.245,0.415,120.5,53.9,257.8,224.2,542.2
neff_low_ratio=0.15,2024,pdr_log_0805_1442.csv,0.15,0.6,1.5,0.75,131,2,0.661,0.758,267.1,49.2,731.7,118.1,68.29999999999995
neff_low_ratio=0.2,1,pdr_log_0805_1438.csv,0.2,0.6,1.5,0.75,197,23,0.368,0.623,189.0,65.6,332.4,238.4,467.6
neff_low_ratio=0.2,1,pdr_log_0805_1441.csv,0.2,0.6,1.5,0.75,143,19,0.312,0.464,138.2,57.5,486.3,109.5,313.7
neff_low_ratio=0.2,1,pdr_log_0805_1442.csv,0.2,0.6,1.5,0.75,131,2,0.676,0.768,271.6,52.1,732.1,115.6,67.89999999999998
neff_low_ratio=0.2,7,pdr_log_0805_1438.csv,0.2,0.6,1.5,0.75,197,22,0.37,0.622,189.4,57.8,307.9,237.8,492.1
neff_low_ratio=0.2,7,pdr_log_0805_1441.csv,0.2,0.6,1.5,0.75,143,19,0.257,0.416,125.6,52.9,325.3,224.0,474.7
neff_low_ratio=0.2,7,pdr_log_0805_1442.csv,0.2,0.6,1.5,0.75,131,2,0.623,0.725,254.6,42.9,727.6,116.7,72.39999999999998
neff_low_ratio=0.2,42,pdr_log_0805_1438.csv,0.2,0.6,1.5,0.75,197,23,0.379,0.628,192.1,67.5,345.6,240.4,454.4
neff_low_ratio=0.2,42,pdr_log_0805_1441.csv,0.2,0.6,1.5,0.75,143,19,0.318,0.453,142.7,53.6,487.2,109.1,312.8
neff_low_ratio=0.2,42,pdr_log_0805_1442.csv,0.2,0.6,1.5,0.75,131,3,0.654,0.733,262.2,75.5,729.3,114.4,70.70000000000005
neff_low_ratio=0.2,100,pdr_log_0805_1438.csv,0.2,0.6,1.5,0.75,197,22,0.38,0.621,196.3,52.5,285.0,241.1,515.0
neff_low_ratio=0.2,100,pdr_log_0805_1441.csv,0.2,0.6,1.5,0.75,143,20,0.276,0.435,129.5,60.5,449.6,108.6,350.4
neff_low_ratio=0.2,100,pdr_log_0805_1442.csv,0.2,0.6,1.5,0.75,131,3,0.663,0.751,268.9,74.6,727.6,115.5,72.39999999999998
neff_low_ratio=0.2,777,pdr_log_0805_1438.csv,0.2,0.6,1.5,0.75,197,22,0.372,0.616,192.8,53.3,281.1,237.7,518.9
neff_low_ratio=0.2,777,pdr_log_0805_1441.csv,0.2,0.6,1.5,0.75,143,20,0.238,0.407,118.5,52.5,304.6,221.6,495.4
neff_low_ratio=0.2,777,pdr_log_0805_1442.csv,0.2,0.6,1.5,0.75,131,2,0.679,0.761,269.7,57.6,739.7,117.0,60.299999999999955
neff_low_ratio=0.2,2024,pdr_log_0805_1438.csv,0.2,0.6,1.5,0.75,197,23,0.386,0.625,196.8,68.0,332.3,236.4,467.7
neff_low_ratio=0.2,2024,pdr_log_0805_1441.csv,0.2,0.6,1.5,0.75,143,20,0.256,0.425,126.5,56.6,265.6,224.7,534.4
neff_low_ratio=0.2,2024,pdr_log_0805_1442.csv,0.2,0.6,1.5,0.75,131,2,0.675,0.755,268.6,66.8,730.9,118.4,69.10000000000002
neff_low_ratio=0.4,1,pdr_log_0805_1438.csv,0.4,0.6,1.5,0.75,197,23,0.408,0.657,225.7,64.4,324.9,237.8,475.1
neff_low_ratio=0.4,1,pdr_log_0805_1441.csv,0.4,0.6,1.5,0.75,143,20,0.216,0.379,125.5,50.3,296.0,223.5,504.0
neff_low_ratio=0.4,1,pdr_log_0805_1442.csv,0.4,0.6,1.5,0.75,131,2,0.689,0.766,291.0,77.2,727.5,119.9,72.5
neff_low_ratio=0.4,7,pdr_log_0805_1438.csv,0.4,0.6,1.5,0.75,197,22,0.374,0.638,209.1,49.9,364.2,236.4,435.8
neff_low_ratio=0.4,7,pdr_log_0805_1441.csv,0.4,0.6,1.5,0.75,143,19,0.293,0.457,156.3,55.3,471.7,106.0,328.3
neff_low_ratio=0.4,7,pdr_log_0805_1442.csv,0.4,0.6,1.5,0.75,131,2,0.674,0.769,292.9,33.6,730.7,114.9,69.29999999999995
neff_low_ratio=0.4,42,pdr_log_0805_1438.csv,0.4,0.6,1.5,0.75,197,24,0.394,0.637,217.5,69.3,293.9,235.0,506.1
neff_low_ratio=0.4,42,pdr_log_0805_1441.csv,0.4,0.6,1.5,0.75,143,21,0.258,0.423,144.4,61.0,235.0,225.5,565.0
neff_low_ratio=0.4,42,pdr_log_0805_1442.csv,0.4,0.6,1.5,0.75,131,2,0.673,0.762,287.7,60.1,728.8,115.5,71.20000000000005
neff_low_ratio=0.4,100,pdr_log_0805_1438.csv,0.4,0.6,1.5,0.75,197,22,0.382,0.636,212.3,53.4,371.3,238.5,428.7
neff_low_ratio=0.4,100,pdr_log_0805_1441.csv,0.4,0.6,1.5,0.75,143,19,0.235,0.403,135.5,55.1,309.5,224.6,490.5
neff_low_ratio=0.4,100,pdr_log_0805_1442.csv,0.4,0.6,1.5,0.75,131,2,0.669,0.762,292.2,51.3,729.3,117.6,70.70000000000005
neff_low_ratio=0.4,777,pdr_log_0805_1438.csv,0.4,0.6,1.5,0.75,197,22,0.381,0.631,217.0,61.6,290.3,238.3,509.7
neff_low_ratio=0.4,777,pdr_log_0805_1441.csv,0.4,0.6,1.5,0.75,143,20,0.255,0.427,145.8,56.9,277.5,222.5,522.5
neff_low_ratio=0.4,777,pdr_log_0805_1442.csv,0.4,0.6,1.5,0.75,131,2,0.664,0.746,283.5,71.5,731.3,114.7,68.70000000000005
neff_low_ratio=0.4,2024,pdr_log_0805_1438.csv,0.4,0.6,1.5,0.75,197,22,0.379,0.636,216.3,55.0,349.7,240.0,450.3
neff_low_ratio=0.4,2024,pdr_log_0805_1441.csv,0.4,0.6,1.5,0.75,143,21,0.258,0.419,145.5,68.4,309.5,224.5,490.5
neff_low_ratio=0.4,2024,pdr_log_0805_1442.csv,0.4,0.6,1.5,0.75,131,3,0.667,0.757,282.1,89.6,727.0,117.5,73.0
neff_low_ratio=0.45,1,pdr_log_0805_1438.csv,0.45,0.6,1.5,0.75,197,23,0.379,0.644,224.2,65.1,345.5,240.2,454.5
neff_low_ratio=0.45,1,pdr_log_0805_1441.csv,0.45,0.6,1.5,0.75,143,20,0.23,0.403,135.1,57.2,288.3,223.2,511.7
neff_low_ratio=0.45,1,pdr_log_0805_1442.csv,0.45,0.6,1.5,0.75,131,2,0.67,0.75,294.5,50.9,728.8,115.2,71.20000000000005
neff_low_ratio=0.45,7,pdr_log_0805_1438.csv,0.45,0.6,1.5,0.75,197,22,0.368,0.621,218.5,67.2,363.5,241.0,436.5
neff_low_ratio=0.45,7,pdr_log_0805_1441.csv,0.45,0.6,1.5,0.75,143,19,0.216,0.38,128.1,50.0,290.1,225.2,509.9
neff_low_ratio=0.45,7,pdr_log_0805_1442.csv,0.45,0.6,1.5,0.75,131,2,0.677,0.768,293.4,60.5,734.5,122.4,65.5
neff_low_ratio=0.45,42,pdr_log_0805_1438.csv,0.45,0.6,1.5,0.75,197,23,0.362,0.609,217.8,49.4,341.4,238.2,458.6
neff_low_ratio=0.45,42,pdr_log_0805_1441.csv,0.45,0.6,1.5,0.75,143,19,0.244,0.407,142.5,46.1,275.3,222.5,524.7
neff_low_ratio=0.45,42,pdr_log_0805_1442.csv,0.45,0.6,1.5,0.75,131,2,0.666,0.754,297.8,35.5,729.5,115.2,70.5
neff_low_ratio=0.45,100,pdr_log_0805_1438.csv,0.45,0.6,1.5,0.75,197,22,0.395,0.637,233.9,67.2,282.9,240.7,517.1
neff_low_ratio=0.45,100,pdr_log_0805_1441.csv,0.45,0.6,1.5,0.75,143,19,0.241,0.401,138.1,57.8,261.9,223.6,538.1
neff_low_ratio=0.45,100,pdr_log_0805_1442.csv,0.45,0.6,1.5,0.75,131,2,0.688,0.779,296.7,44.1,726.7,115.5,73.29999999999995
neff_low_ratio=0.45,777,pdr_log_0805_1438.csv,0.45,0.6,1.5,0.75,197,22,0.387,0.631,224.6,61.3,344.7,236.6,455.3
neff_low_ratio=0.45,777,pdr_log_0805_1441.csv,0.45,0.6,1.5,0.75,143,20,0.227,0.39,130.2,48.6,308.3,224.4,491.7
neff_low_ratio=0.45,777,pdr_log_0805_1442.csv,0.45,0.6,1.5,0.75,131,2,0.658,0.743,288.4,61.9,730.3,115.7,69.70000000000005
neff_low_ratio=0.45,2024,pdr_log_0805_1438.csv,0.45,0.6,1.5,0.75,197,23,0.371,0.619,224.1,54.9,324.7,238.7,475.3
neff_low_ratio=0.45,2024,pdr_log_0805_1441.csv,0.45,0.6,1.5,0.75,143,18,0.289,0.463,151.1,67.6,417.6,123.5,382.4
neff_low_ratio=0.45,2024,pdr_log_0805_1442.csv,0.45,0.6,1.5,0.75,131,2,0.655,0.738,289.1,48.5,737.5,114.0,62.5
neff_high_ratio=0.45,1,pdr_log_0805_1438.csv,0.3,0.45,1.5,0.75,197,23,0.384,0.616,193.5,64.2,321.2,238.4,478.8
neff_high_ratio=0.45,1,pdr_log_0805_1441.csv,0.3,0.45,1.5,0.75,143,19,0.322,0.458,145.9,52.9,487.5,108.8,312.5
neff_high_ratio=0.45,1,pdr_log_0805_1442.csv,0.3,0.45,1.5,0.75,131,2,0.637,0.733,249.0,48.6,727.6,116.1,72.39999999999998
neff_high_ratio=0.45,7,pdr_log_0805_1438.csv,0.3,0.45,1.5,0.75,197,23,0.373,0.624,190.9,56.1,303.8,238.7,496.2
neff_high_ratio=0.45,7,pdr_log_0805_1441.csv,0.3,0.45,1.5,0.75,143,20,0.222,0.384,115.2,50.1,331.7,224.0,468.3
neff_high_ratio=0.45,7,pdr_log_0805_1442.csv,0.3,0.45,1.5,0.75,131,2,0.653,0.739,261.5,60.7,729.5,116.4,70.5
neff_high_ratio=0.45,42,pdr_log_0805_1438.csv,0.3,0.45,1.5,0.75,197,24,0.393,0.63,191.9,65.5,292.6,236.8,507.4
neff_high_ratio=0.45,42,pdr_log_0805_1441.csv,0.3,0.45,1.5,0.75,143,20,0.239,0.395,124.1,56.5,275.1,225.0,524.9
neff_high_ratio=0.45,42,pdr_log_0805_1442.csv,0.3,0.45,1.5,0.75,131,3,0.63,0.716,247.5,94.9,730.5,130.8,69.5
neff_high_ratio=0.45,100,pdr_log_0805_1438.csv,0.3,0.45,1.5,0.75,197,23,0.388,0.636,197.9,53.4,323.0,235.4,477.0
neff_high_ratio=0.45,100,pdr_log_0805_1441.csv,0.3,0.45,1.5,0.75,143,20,0.254,0.426,132.0,55.8,284.2,224.9,515.8
neff_high_ratio=0.45,100,pdr_log_0805_1442.csv,0.3,0.45,1.5,0.75,131,2,0.638,0.726,250.5,55.2,729.1,118.3,70.89999999999998
neff_high_ratio=0.45,777,pdr_log_0805_1438.csv,0.3,0.45,1.5,0.75,197,23,0.387,0.63,197.9,58.9,375.9,239.9,424.1
neff_high_ratio=0.45,777,pdr_log_0805_1441.csv,0.3,0.45,1.5,0.75,143,20,0.263,0.428,134.4,57.7,307.6,224.4,492.4
neff_high_ratio=0.45,777,pdr_log_0805_1442.csv,0.3,0.45,1.5,0.75,131,2,0.645,0.73,258.7,44.2,735.5,120.4,64.5
neff_high_ratio=0.45,2024,pdr_log_0805_1438.csv,0.3,0.45,1.5,0.75,197,22,0.391,0.631,195.8,57.9,289.6,238.2,510.4
neff_high_ratio=0.45,2024,pdr_log_0805_1441.csv,0.3,0.45,1.5,0.75,143,19,0.232,0.379,119.0,57.7,282.6,223.9,517.4
neff_high_ratio=0.45,2024,pdr_log_0805_1442.csv,0.3,0.45,1.5,0.75,131,3,0.644,0.723,254.9,86.4,741.7,123.6,58.299999999999955
neff_high_ratio=0.5,1,pdr_log_0805_1438.csv,0.3,0.5,1.5,0.75,197,23,0.392,0.641,200.2,52.6,332.6,236.2,467.4
neff_high_ratio=0.5,1,pdr_log_0805_1441.csv,0.3,0.5,1.5,0.75,143,19,0.215,0.373,112.1,58.2,298.8,223.6,501.2
neff_high_ratio=0.5,1,pdr_log_0805_1442.csv,0.3,0.5,1.5,0.75,131,3,0.668,0.744,264.0,81.2,733.8,124.1,66.20000000000005
neff_high_ratio=0.5,7,pdr_log_0805_1438.csv,0.3,0.5,1.5,0.75,197,23,0.381,0.629,196.9,66.9,315.1,238.2,484.9
neff_high_ratio=0.5,7,pdr_log_0805_1441.csv,0.3,0.5,1.5,0.75,143,19,0.225,0.384,112.5,53.4,272.1,224.0,527.9
neff_high_ratio=0.5,7,pdr_log_0805_1442.csv,0.3,0.5,1.5,0.75,131,2,0.633,0.724,254.5,62.0,729.0,118.2,71.0
neff_high_ratio=0.5,42,pdr_log_0805_1438.csv,0.3,0.5,1.5,0.75,197,23,0.374,0.625,195.3,55.2,317.4,238.0,482.6
neff_high_ratio=0.5,42,pdr_log_0805_1441.csv,0.3,0.5,1.5,0.75,143,19,0.223,0.387,120.0,54.5,266.9,222.5,533.1
neff_high_ratio=0.5,42,pdr_log_0805_1442.csv,0.3,0.5,1.5,0.75,131,2,0.631,0.721,255.6,60.4,733.6,120.7,66.39999999999998
neff_high_ratio=0.5,100,pdr_log_0805_1438.csv,0.3,0.5,1.5,0.75,197,23,0.381,0.621,192.9,59.5,316.2,238.6,483.8
neff_high_ratio=0.5,100,pdr_log_0805_1441.csv,0.3,0.5,1.5,0.75,143,20,0.252,0.415,129.2,53.5,265.3,223.0,534.7
neff_high_ratio=0.5,100,pdr_log_0805_1442.csv,0.3,0.5,1.5,0.75,131,2,0.662,0.74,261.5,66.8,727.6,116.4,72.39999999999998
neff_high_ratio=0.5,777,pdr_log_0805_1438.csv,0.3,0.5,1.5,0.75,197,23,0.376,0.605,195.6,49.0,313.5,238.8,486.5
neff_high_ratio=0.5,777,pdr_log_0805_1441.csv,0.3,0.5,1.5,0.75,143,20,0.27,0.445,137.3,50.0,445.5,109.6,354.5
neff_high_ratio=0.5,777,pdr_log_0805_1442.csv,0.3,0.5,1.5,0.75,131,2,0.658,0.749,266.0,56.3,732.9,116.1,67.10000000000002
neff_high_ratio=0.5,2024,pdr_log_0805_1438.csv,0.3,0.5,1.5,0.75,197,22,0.371,0.622,193.7,48.8,349.1,237.3,450.9
neff_high_ratio=0.5,2024,pdr_log_0805_1441.csv,0.3,0.5,1.5,0.75,143,19,0.223,0.38,118.1,55.2,332.9,223.6,467.1
neff_high_ratio=0.5,2024,pdr_log_0805_1442.csv,0.3,0.5,1.5,0.75,131,2,0.642,0.737,261.9,51.4,732.0,120.1,68.0
neff_high_ratio=0.7,1,pdr_log_0805_1438.csv,0.3,0.7,1.5,0.75,197,23,0.368,0.612,199.2,61.2,344.2,238.1,455.8
neff_high_ratio=0.7,1,pdr_log_0805_1441.csv,0.3,0.7,1.5,0.75,143,20,0.244,0.409,127.4,56.8,304.2,223.6,495.8
neff_high_ratio=0.7,1,pdr_log_0805_1442.csv,0.3,0.7,1.5,0.75,131,2,0.674,0.766,288.6,52.5,729.8,115.8,70.20000000000005
neff_high_ratio=0.7,7,pdr_log_0805_1438.csv,0.3,0.7,1.5,0.75,197,24,0.381,0.624,204.9,66.0,376.8,238.3,423.2
neff_high_ratio=0.7,7,pdr_log_0805_1441.csv,0.3,0.7,1.5,0.75,143,21,0.259,0.427,134.1,62.4,281.9,225.2,518.1
neff_high_ratio=0.7,7,pdr_log_0805_1442.csv,0.3,0.7,1.5,0.75,131,2,0.65,0.733,284.5,64.0,732.2,119.2,67.79999999999995
neff_high_ratio=0.7,42,pdr_log_0805_1438.csv,0.3,0.7,1.5,0.75,197,22,0.365,0.614,195.8,61.9,315.0,238.2,485.0
neff_high_ratio=0.7,42,pdr_log_0805_1441.csv,0.3,0.7,1.5,0.75,143,19,0.228,0.39,119.4,46.5,306.2,222.8,493.8
neff_high_ratio=0.7,42,pdr_log_0805_1442.csv,0.3,0.7,1.5,0.75,131,2,0.686,0.772,287.7,41.2,729.0,114.6,71.0
neff_high_ratio=0.7,100,pdr_log_0805_1438.csv,0.3,0.7,1.5,0.75,197,23,0.385,0.625,206.7,51.4,291.3,238.2,508.7
neff_high_ratio=0.7,100,pdr_log_0805_1441.csv,0.3,0.7,1.5,0.75,143,19,0.302,0.46,144.0,48.7,441.3,109.6,358.7
neff_high_ratio=0.7,100,pdr_log_0805_1442.csv,0.3,0.7,1.5,0.75,131,2,0.677,0.765,289.1,31.1,732.3,114.4,67.70000000000005
neff_high_ratio=0.7,777,pdr_log_0805_1438.csv,0.3,0.7,1.5,0.75,197,22,0.376,0.627,205.4,55.4,302.6,240.3,497.4
neff_high_ratio=0.7,777,pdr_log_0805_1441.csv,0.3,0.7,1.5,0.75,143,20,0.266,0.424,137.0,60.2,470.5,108.3,329.5
neff_high_ratio=0.7,777,pdr_log_0805_1442.csv,0.3,0.7,1.5,0.75,131,2,0.674,0.76,283.7,85.8,740.0,116.5,60.0
neff_high_ratio=0.7,2024,pdr_log_0805_1438.csv,0.3,0.7,1.5,0.75,197,22,0.372,0.617,199.3,49.6,383.2,238.2,416.8
neff_high_ratio=0.7,2024,pdr_log_0805_1441.csv,0.3,0.7,1.5,0.75,143,19,0.21,0.363,112.6,48.4,320.8,224.3,479.2
neff_high_ratio=0.7,2024,pdr_log_0805_1442.csv,0.3,0.7,1.5,0.75,131,3,0.654,0.742,283.4,64.3,736.1,115.1,63.89999999999998
neff_high_ratio=0.75,1,pdr_log_0805_1438.csv,0.3,0.75,1.5,0.75,197,22,0.375,0.616,205.1,58.1,340.3,237.6,459.7
neff_high_ratio=0.75,1,pdr_log_0805_1441.csv,0.3,0.75,1.5,0.75,143,19,0.299,0.461,148.2,58.4,456.1,108.7,343.9
neff_high_ratio=0.75,1,pdr_log_0805_1442.csv,0.3,0.75,1.5,0.75,131,2,0.636,0.728,288.7,54.2,731.4,117.7,68.60000000000002
neff_high_ratio=0.75,7,pdr_log_0805_1438.csv,0.3,0.75,1.5,0.75,197,24,0.399,0.632,211.7,68.7,331.8,235.6,468.2
neff_high_ratio=0.75,7,pdr_log_0805_1441.csv,0.3,0.75,1.5,0.75,143,20,0.26,0.423,129.7,57.3,284.6,222.7,515.4
neff_high_ratio=0.75,7,pdr_log_0805_1442.csv,0.3,0.75,1.5,0.75,131,3,0.647,0.743,294.5,65.7,738.0,120.2,62.0
neff_high_ratio=0.75,42,pdr_log_0805_1438.csv,0.3,0.75,1.5,0.75,197,22,0.364,0.616,200.1,55.7,364.8,240.9,435.2
neff_high_ratio=0.75,42,pdr_log_0805_1441.csv,0.3,0.75,1.5,0.75,143,20,0.274,0.454,145.1,59.2,317.9,222.1,482.1
neff_high_ratio=0.75,42,pdr_log_0805_1442.csv,0.3,0.75,1.5,0.75,131,3,0.629,0.729,284.5,58.6,731.0,120.4,69.0
neff_high_ratio=0.75,100,pdr_log_0805_1438.csv,0.3,0.75,1.5,0.75,197,23,0.369,0.623,203.0,54.4,355.5,235.1,444.5
neff_high_ratio=0.75,100,pdr_log_0805_1441.csv,0.3,0.75,1.5,0.75,143,20,0.261,0.421,135.2,54.0,308.2,222.8,491.8
neff_high_ratio=0.75,100,pdr_log_0805_1442.csv,0.3,0.75,1.5,0.75,131,3,0.691,0.774,298.8,78.6,737.6,117.1,62.39999999999998
neff_high_ratio=0.75,777,pdr_log_0805_1438.csv,0.3,0.75,1.5,0.75,197,22,0.376,0.627,205.4,55.4,302.6,240.3,497.4
neff_high_ratio=0.75,777,pdr_log_0805_1441.csv,0.3,0.75,1.5,0.75,143,20,0.266,0.424,137.0,60.2,470.5,108.3,329.5
neff_high_ratio=0.75,777,pdr_log_0805_1442.csv,0.3,0.75,1.5,0.75,131,3,0.667,0.753,294.0,69.8,739.1,115.1,60.89999999999998
neff_high_ratio=0.75,2024,pdr_log_0805_1438.csv,0.3,0.75,1.5,0.75,197,22,0.365,0.627,205.1,53.8,377.4,237.7,422.6
neff_high_ratio=0.75,2024,pdr_log_0805_1441.csv,0.3,0.75,1.5,0.75,143,20,0.223,0.382,117.4,50.2,274.3,222.8,525.7
neff_high_ratio=0.75,2024,pdr_log_0805_1442.csv,0.3,0.75,1.5,0.75,131,2,0.674,0.756,291.5,46.4,734.8,114.7,65.20000000000005
boost_factor=1.2,1,pdr_log_0805_1438.csv,0.3,0.6,1.2,0.75,197,24,0.397,0.628,194.7,75.1,323.8,235.0,476.2
boost_factor=1.2,1,pdr_log_0805_1441.csv,0.3,0.6,1.2,0.75,143,20,0.252,0.418,115.3,55.1,261.6,221.1,538.4
boost_factor=1.2,1,pdr_log_0805_1442.csv,0.3,0.6,1.2,0.75,131,3,0.689,0.773,276.3,72.5,737.8,113.4,62.200000000000045
boost_factor=1.2,7,pdr_log_0805_1438.csv,0.3,0.6,1.2,0.75,197,24,0.383,0.607,187.5,60.9,346.4,238.6,453.6
boost_factor=1.2,7,pdr_log_0805_1441.csv,0.3,0.6,1.2,0.75,143,21,0.25,0.418,116.7,55.0,322.8,222.6,477.2
boost_factor=1.2,7,pdr_log_0805_1442.csv,0.3,0.6,1.2,0.75,131,3,0.664,0.751,267.3,82.6,737.7,117.7,62.299999999999955
boost_factor=1.2,42,pdr_log_0805_1438.csv,0.3,0.6,1.2,0.75,197,24,0.404,0.653,201.4,72.8,312.5,237.4,487.5
boost_factor=1.2,42,pdr_log_0805_1441.csv,0.3,0.6,1.2,0.75,143,21,0.238,0.409,111.7,60.6,348.1,223.5,451.9
boost_factor=1.2,42,pdr_log_0805_1442.csv,0.3,0.6,1.2,0.75,131,3,0.691,0.772,275.3,117.5,736.0,123.2,64.0
boost_factor=1.2,100,pdr_log_0805_1438.csv,0.3,0.6,1.2,0.75,197,24,0.376,0.615,184.7,69.2,302.9,238.7,497.1
boost_factor=1.2,100,pdr_log_0805_1441.csv,0.3,0.6,1.2,0.75,143,20,0.263,0.426,120.7,58.5,217.2,222.1,582.8
boost_factor=1.2,100,pdr_log_0805_1442.csv,0.3,0.6,1.2,0.75,131,2,0.674,0.751,268.5,63.0,730.7,114.4,69.29999999999995
boost_factor=1.2,777,pdr_log_0805_1438.csv,0.3,0.6,1.2,0.75,197,23,0.377,0.62,186.7,51.9,309.8,235.3,490.2
boost_factor=1.2,777,pdr_log_0805_1441.csv,0.3,0.6,1.2,0.75,143,21,0.25,0.42,118.7,51.9,278.1,224.2,521.9
boost_factor=1.2,777,pdr_log_0805_1442.csv,0.3,0.6,1.2,0.75,131,2,0.674,0.762,273.5,60.8,731.9,117.4,68.10000000000002
boost_factor=1.2,2024,pdr_log_0805_1438.csv,0.3,0.6,1.2,0.75,197,23,0.389,0.632,193.0,70.0,284.7,241.1,515.3
boost_factor=1.2,2024,pdr_log_0805_1441.csv,0.3,0.6,1.2,0.75,143,21,0.268,0.432,123.9,58.2,295.9,225.5,504.1
boost_factor=1.2,2024,pdr_log_0805_1442.csv,0.3,0.6,1.2,0.75,131,2,0.651,0.747,265.4,46.4,730.7,118.8,69.29999999999995
boost_factor=1.75,1,pdr_log_0805_1438.csv,0.3,0.6,1.75,0.75,197,23,0.373,0.626,211.5,52.1,246.7,237.1,553.3
boost_factor=1.75,1,pdr_log_0805_1441.csv,0.3,0.6,1.75,0.75,143,21,0.256,0.428,145.5,54.5,311.3,222.4,488.7
boost_factor=1.75,1,pdr_log_0805_1442.csv,0.3,0.6,1.75,0.75,131,3,0.657,0.734,277.5,97.4,736.8,121.9,63.200000000000045
boost_factor=1.75,7,pdr_log_0805_1438.csv,0.3,0.6,1.75,0.75,197,22,0.368,0.623,208.5,50.3,341.6,238.4,458.4
boost_factor=1.75,7,pdr_log_0805_1441.csv,0.3,0.6,1.75,0.75,143,18,0.311,0.46,160.6,45.2,490.0,106.0,310.0
boost_factor=1.75,7,pdr_log_0805_1442.csv,0.3,0.6,1.75,0.75,131,2,0.677,0.76,294.3,55.4,731.5,114.4,68.5
boost_factor=1.75,42,pdr_log_0805_1438.csv,0.3,0.6,1.75,0.75,197,23,0.364,0.615,205.3,58.9,317.0,238.9,483.0
boost_factor=1.75,42,pdr_log_0805_1441.csv,0.3,0.6,1.75,0.75,143,19,0.237,0.396,133.9,55.8,282.6,222.6,517.4
boost_factor=1.75,42,pdr_log_0805_1442.csv,0.3,0.6,1.75,0.75,131,3,0.689,0.763,284.9,79.5,739.0,114.8,61.0
boost_factor=1.75,100,pdr_log_0805_1438.csv,0.3,0.6,1.75,0.75,197,22,0.373,0.623,209.4,63.0,392.7,236.1,407.3
boost_factor=1.75,100,pdr_log_0805_1441.csv,0.3,0.6,1.75,0.75,143,19,0.242,0.4,132.6,51.8,295.8,223.3,504.2
boost_factor=1.75,100,pdr_log_0805_1442.csv,0.3,0.6,1.75,0.75,131,2,0.661,0.753,286.0,44.3,736.5,114.1,63.5
boost_factor=1.75,777,pdr_log_0805_1438.csv,0.3,0.6,1.75,0.75,197,21,0.364,0.617,205.6,65.0,347.9,240.2,452.1
boost_factor=1.75,777,pdr_log_0805_1441.csv,0.3,0.6,1.75,0.75,143,20,0.251,0.42,141.9,64.3,250.6,223.7,549.4
boost_factor=1.75,777,pdr_log_0805_1442.csv,0.3,0.6,1.75,0.75,131,2,0.675,0.761,282.7,63.5,733.0,116.8,67.0
boost_factor=1.75,2024,pdr_log_0805_1438.csv,0.3,0.6,1.75,0.75,197,23,0.369,0.609,206.5,49.9,354.9,238.3,445.1
boost_factor=1.75,2024,pdr_log_0805_1441.csv,0.3,0.6,1.75,0.75,143,19,0.238,0.402,132.3,51.8,286.8,223.7,513.2
boost_factor=1.75,2024,pdr_log_0805_1442.csv,0.3,0.6,1.75,0.75,131,2,0.658,0.751,280.9,51.4,729.5,120.0,70.5
boost_factor=2.0,1,pdr_log_0805_1438.csv,0.3,0.6,2.0,0.75,197,22,0.358,0.596,217.2,53.0,294.6,239.0,505.4
boost_factor=2.0,1,pdr_log_0805_1441.csv,0.3,0.6,2.0,0.75,143,21,0.247,0.404,148.4,60.1,274.4,223.6,525.6
boost_factor=2.0,1,pdr_log_0805_1442.csv,0.3,0.6,2.0,0.75,131,2,0.673,0.754,296.3,66.5,736.3,115.3,63.700000000000045
boost_factor=2.0,7,pdr_log_0805_1438.csv,0.3,0.6,2.0,0.75,197,22,0.37,0.614,221.3,60.1,321.9,237.4,478.1
boost_factor=2.0,7,pdr_log_0805_1441.csv,0.3,0.6,2.0,0.75,143,20,0.244,0.405,148.5,58.5,303.2,223.9,496.8
boost_factor=2.0,7,pdr_log_0805_1442.csv,0.3,0.6,2.0,0.75,131,2,0.685,0.767,297.0,58.3,733.7,115.7,66.29999999999995
boost_factor=2.0,42,pdr_log_0805_1438.csv,0.3,0.6,2.0,0.75,197,22,0.372,0.613,219.4,66.4,405.3,240.4,394.7
boost_factor=2.0,42,pdr_log_0805_1441.csv,0.3,0.6,2.0,0.75,143,19,0.242,0.397,142.7,52.6,294.4,223.3,505.6
boost_factor=2.0,42,pdr_log_0805_1442.csv,0.3,0.6,2.0,0.75,131,2,0.671,0.756,292.4,47.7,736.1,114.9,63.89999999999998
boost_factor=2.0,100,pdr_log_0805_1438.csv,0.3,0.6,2.0,0.75,197,24,0.374,0.625,219.2,69.4,348.2,238.6,451.8
boost_factor=2.0,100,pdr_log_0805_1441.csv,0.3,0.6,2.0,0.75,143,18,0.298,0.439,164.4,42.9,478.8,107.5,321.2
boost_factor=2.0,100,pdr_log_0805_1442.csv,0.3,0.6,2.0,0.75,131,2,0.689,0.77,293.6,58.4,730.9,114.2,69.10000000000002
boost_factor=2.0,777,pdr_log_0805_1438.csv,0.3,0.6,2.0,0.75,197,22,0.36,0.622,215.4,48.7,412.6,237.6,387.4
boost_factor=2.0,777,pdr_log_0805_1441.csv,0.3,0.6,2.0,0.75,143,20,0.258,0.423,152.5,58.5,291.3,223.8,508.7
boost_factor=2.0,777,pdr_log_0805_1442.csv,0.3,0.6,2.0,0.75,131,2,0.666,0.751,293.8,58.5,736.9,114.2,63.10000000000002
boost_factor=2.0,2024,pdr_log_0805_1438.csv,0.3,0.6,2.0,0.75,197,23,0.361,0.611,216.8,58.9,345.8,238.6,454.2
boost_factor=2.0,2024,pdr_log_0805_1441.csv,0.3,0.6,2.0,0.75,143,19,0.248,0.412,153.2,56.1,331.4,222.7,468.6
boost_factor=2.0,2024,pdr_log_0805_1442.csv,0.3,0.6,2.0,0.75,131,2,0.664,0.75,292.6,52.2,732.0,115.0,68.0
shrink_factor=0.5,1,pdr_log_0805_1438.csv,0.3,0.6,1.5,0.5,197,22,0.363,0.615,182.5,48.9,309.3,236.8,490.7
shrink_factor=0.5,1,pdr_log_0805_1441.csv,0.3,0.6,1.5,0.5,143,20,0.248,0.424,126.3,55.8,303.6,221.1,496.4
shrink_factor=0.5,1,pdr_log_0805_1442.csv,0.3,0.6,1.5,0.5,131,2,0.698,0.775,231.2,58.8,734.6,115.5,65.39999999999998
shrink_factor=0.5,7,pdr_log_0805_1438.csv,0.3,0.6,1.5,0.5,197,23,0.377,0.622,184.2,66.6,292.0,237.8,508.0
shrink_factor=0.5,7,pdr_log_0805_1441.csv,0.3,0.6,1.5,0.5,143,19,0.238,0.392,120.0,51.6,317.5,222.8,482.5
shrink_factor=0.5,7,pdr_log_0805_1442.csv,0.3,0.6,1.5,0.5,131,3,0.662,0.744,220.9,78.9,732.9,122.8,67.10000000000002
shrink_factor=0.5,42,pdr_log_0805_1438.csv,0.3,0.6,1.5,0.5,197,22,0.361,0.61,178.9,51.7,305.7,238.5,494.3
shrink_factor=0.5,42,pdr_log_0805_1441.csv,0.3,0.6,1.5,0.5,143,20,0.251,0.417,126.9,58.2,235.2,223.2,564.8
shrink_factor=0.5,42,pdr_log_0805_1442.csv,0.3,0.6,1.5,0.5,131,2,0.662,0.749,228.4,27.8,736.0,114.0,64.0
shrink_factor=0.5,100,pdr_log_0805_1438.csv,0.3,0.6,1.5,0.5,197,22,0.386,0.629,187.2,53.9,319.1,240.5,480.9
shrink_factor=0.5,100,pdr_log_0805_1441.csv,0.3,0.6,1.5,0.5,143,20,0.244,0.404,122.9,51.0,323.8,224.8,476.2
shrink_factor=0.5,100,pdr_log_0805_1442.csv,0.3,0.6,1.5,0.5,131,3,0.667,0.752,229.0,80.8,731.8,114.9,68.20000000000005
shrink_factor=0.5,777,pdr_log_0805_1438.csv,0.3,0.6,1.5,0.5,197,23,0.36,0.598,183.1,49.2,351.4,238.8,448.6
shrink_factor=0.5,777,pdr_log_0805_1441.csv,0.3,0.6,1.5,0.5,143,20,0.235,0.39,122.8,54.8,271.7,223.0,528.3
shrink_factor=0.5,777,pdr_log_0805_1442.csv,0.3,0.6,1.5,0.5,131,2,0.682,0.765,232.5,66.5,731.2,114.5,68.79999999999995
shrink_factor=0.5,2024,pdr_log_0805_1438.csv,0.3,0.6,1.5,0.5,197,23,0.39,0.623,183.6,65.3,337.8,240.5,462.2
shrink_factor=0.5,2024,pdr_log_0805_1441.csv,0.3,0.6,1.5,0.5,143,19,0.243,0.401,124.8,50.6,304.4,223.3,495.6
shrink_factor=0.5,2024,pdr_log_0805_1442.csv,0.3,0.6,1.5,0.5,131,2,0.661,0.739,220.5,68.3,731.4,115.5,68.60000000000002
shrink_factor=0.65,1,pdr_log_0805_1438.csv,0.3,0.6,1.5,0.65,197,22,0.385,0.621,193.2,50.3,344.5,236.6,455.5
shrink_factor=0.65,1,pdr_log_0805_1441.csv,0.3,0.6,1.5,0.65,143,21,0.249,0.426,128.2,62.3,299.3,223.1,500.7
shrink_factor=0.65,1,pdr_log_0805_1442.csv,0.3,0.6,1.5,0.65,131,2,0.668,0.748,254.7,70.6,734.9,116.1,65.10000000000002
shrink_factor=0.65,7,pdr_log_0805_1438.csv,0.3,0.6,1.5,0.65,197,22,0.371,0.627,194.5,55.3,268.0,237.2,532.0
shrink_factor=0.65,7,pdr_log_0805_1441.csv,0.3,0.6,1.5,0.65,143,20,0.257,0.42,132.8,56.5,262.6,222.2,537.4
shrink_factor=0.65,7,pdr_log_0805_1442.csv,0.3,0.6,1.5,0.65,131,2,0.69,0.777,258.9,47.1,730.2,117.4,69.79999999999995
shrink_factor=0.65,42,pdr_log_0805_1438.csv,0.3,0.6,1.5,0.65,197,23,0.388,0.624,195.9,69.0,346.6,240.5,453.4
shrink_factor=0.65,42,pdr_log_0805_1441.csv,0.3,0.6,1.5,0.65,143,20,0.242,0.403,124.3,54.7,287.3,223.9,512.7
shrink_factor=0.65,42,pdr_log_0805_1442.csv,0.3,0.6,1.5,0.65,131,2,0.669,0.754,257.0,55.4,733.3,114.4,66.70000000000005
shrink_factor=0.65,100,pdr_log_0805_1438.csv,0.3,0.6,1.5,0.65,197,23,0.372,0.622,190.0,49.7,272.5,237.5,527.5
shrink_factor=0.65,100,pdr_log_0805_1441.csv,0.3,0.6,1.5,0.65,143,20,0.242,0.408,124.4,60.9,273.0,224.3,527.0
shrink_factor=0.65,100,pdr_log_0805_1442.csv,0.3,0.6,1.5,0.65,131,2,0.667,0.752,252.6,52.8,732.9,118.7,67.10000000000002
shrink_factor=0.65,777,pdr_log_0805_1438.csv,0.3,0.6,1.5,0.65,197,23,0.391,0.63,194.5,65.0,278.1,237.7,521.9
shrink_factor=0.65,777,pdr_log_0805_1441.csv,0.3,0.6,1.5,0.65,143,20,0.247,0.41,127.0,53.1,280.9,223.3,519.1
shrink_factor=0.65,777,pdr_log_0805_1442.csv,0.3,0.6,1.5,0.65,131,2,0.677,0.763,254.1,58.2,724.3,120.3,75.70000000000005
shrink_factor=0.65,2024,pdr_log_0805_1438.csv,0.3,0.6,1.5,0.65,197,23,0.365,0.619,193.5,49.8,325.9,238.4,474.1
shrink_factor=0.65,2024,pdr_log_0805_1441.csv,0.3,0.6,1.5,0.65,143,19,0.293,0.459,136.8,47.1,482.2,109.3,317.8
shrink_factor=0.65,2024,pdr_log_0805_1442.csv,0.3,0.6,1.5,0.65,131,2,0.666,0.747,256.2,61.8,733.8,115.0,66.20000000000005
shrink_factor=0.9,1,pdr_log_0805_1438.csv,0.3,0.6,1.5,0.9,197,23,0.367,0.611,205.5,84.6,329.9,238.6,470.1
shrink_factor=0.9,1,pdr_log_0805_1441.csv,0.3,0.6,1.5,0.9,143,19,0.259,0.421,133.0,56.2,292.1,224.5,507.9
shrink_factor=0.9,1,pdr_log_0805_1442.csv,0.3,0.6,1.5,0.9,131,2,0.655,0.747,303.7,58.7,733.1,117.0,66.89999999999998
shrink_factor=0.9,7,pdr_log_0805_1438.csv,0.3,0.6,1.5,0.9,197,22,0.373,0.624,208.8,49.2,331.2,237.2,468.8
shrink_factor=0.9,7,pdr_log_0805_1441.csv,0.3,0.6,1.5,0.9,143,20,0.264,0.429,136.3,55.8,325.4,222.5,474.6
shrink_factor=0.9,7,pdr_log_0805_1442.csv,0.3,0.6,1.5,0.9,131,2,0.648,0.739,303.8,44.4,735.8,115.7,64.20000000000005
shrink_factor=0.9,42,pdr_log_0805_1438.csv,0.3,0.6,1.5,0.9,197,24,0.391,0.629,214.6,65.6,287.2,235.6,512.8
shrink_factor=0.9,42,pdr_log_0805_1441.csv,0.3,0.6,1.5,0.9,143,20,0.262,0.431,137.7,59.0,306.7,222.7,493.3
shrink_factor=0.9,42,pdr_log_0805_1442.csv,0.3,0.6,1.5,0.9,131,2,0.659,0.735,304.7,55.6,732.7,115.6,67.29999999999995
shrink_factor=0.9,100,pdr_log_0805_1438.csv,0.3,0.6,1.5,0.9,197,23,0.377,0.622,209.1,61.4,253.0,235.3,547.0
shrink_factor=0.9,100,pdr_log_0805_1441.csv,0.3,0.6,1.5,0.9,143,20,0.224,0.395,119.1,52.2,351.9,222.0,448.1
shrink_factor=0.9,100,pdr_log_0805_1442.csv,0.3,0.6,1.5,0.9,131,2,0.648,0.74,299.4,48.8,729.2,115.2,70.79999999999995
shrink_factor=0.9,777,pdr_log_0805_1438.csv,0.3,0.6,1.5,0.9,197,23,0.375,0.613,212.6,60.8,314.1,236.9,485.9
shrink_factor=0.9,777,pdr_log_0805_1441.csv,0.3,0.6,1.5,0.9,143,20,0.296,0.446,147.8,59.2,491.2,108.5,308.8
shrink_factor=0.9,777,pdr_log_0805_1442.csv,0.3,0.6,1.5,0.9,131,2,0.661,0.74,304.0,56.6,730.1,117.2,69.89999999999998
shrink_factor=0.9,2024,pdr_log_0805_1438.csv,0.3,0.6,1.5,0.9,197,22,0.367,0.617,203.6,52.7,354.2,241.4,445.8
shrink_factor=0.9,2024,pdr_log_0805_1441.csv,0.3,0.6,1.5,0.9,143,19,0.228,0.397,122.5,52.7,265.8,223.8,534.2
shrink_factor=0.9,2024,pdr_log_0805_1442.csv,0.3,0.6,1.5,0.9,131,2,0.661,0.752,306.9,48.0,731.0,118.3,69.0
