seed,condition,file,steps,extinctions,valid_ratio,route_ratio,neff_mean,pos_spread_mean,final_x,final_y,endpoint_error_x
1,none,pdr_log_0805_1438.csv,197,16,0.491,1.0,251.0,108.6,305.4,310.3,494.6
1,none,pdr_log_0805_1441.csv,143,16,0.361,1.0,167.4,83.2,340.2,138.5,459.8
1,none,pdr_log_0805_1442.csv,131,2,0.745,1.0,355.9,190.1,792.7,174.6,7.2999999999999545
1,manual-enforce,pdr_log_0805_1438.csv,197,12,0.412,0.989,204.7,36.7,588.2,106.8,211.79999999999995
1,manual-enforce,pdr_log_0805_1441.csv,143,15,0.379,0.902,166.1,38.8,425.9,109.5,374.1
1,manual-enforce,pdr_log_0805_1442.csv,131,11,0.476,0.981,215.3,45.7,634.2,107.2,165.79999999999995
1,auto-enforce,pdr_log_0805_1438.csv,197,24,0.393,0.624,200.8,62.1,304.8,237.5,495.2
1,auto-enforce,pdr_log_0805_1441.csv,143,20,0.23,0.4,96.3,60.4,325.1,224.7,474.9
1,auto-enforce,pdr_log_0805_1442.csv,131,3,0.633,0.721,292.4,83.1,732.2,124.4,67.79999999999995
1,auto-enforce-unc,pdr_log_0805_1438.csv,197,23,0.385,0.631,203.9,52.8,347.8,235.9,452.2
1,auto-enforce-unc,pdr_log_0805_1441.csv,143,20,0.258,0.423,130.3,58.7,290.2,223.4,509.8
1,auto-enforce-unc,pdr_log_0805_1442.csv,131,2,0.699,0.784,284.7,83.6,735.5,118.0,64.5
7,none,pdr_log_0805_1438.csv,197,16,0.483,1.0,248.3,96.5,305.0,312.5,495.0
7,none,pdr_log_0805_1441.csv,143,16,0.356,1.0,162.4,79.5,328.5,137.4,471.5
7,none,pdr_log_0805_1442.csv,131,7,0.611,1.0,286.4,90.5,663.1,198.5,136.89999999999998
7,manual-enforce,pdr_log_0805_1438.csv,197,11,0.4,0.991,198.9,36.0,540.1,107.8,259.9
7,manual-enforce,pdr_log_0805_1441.csv,143,14,0.404,0.91,180.7,35.6,439.2,109.4,360.8
7,manual-enforce,pdr_log_0805_1442.csv,131,9,0.471,0.961,211.6,47.9,584.9,107.1,215.10000000000002
7,auto-enforce,pdr_log_0805_1438.csv,197,24,0.369,0.609,187.7,58.1,290.7,238.8,509.3
7,auto-enforce,pdr_log_0805_1441.csv,143,20,0.286,0.453,127.4,56.8,458.9,105.3,341.1
7,auto-enforce,pdr_log_0805_1442.csv,131,3,0.638,0.727,295.5,97.5,731.2,123.1,68.79999999999995
7,auto-enforce-unc,pdr_log_0805_1438.csv,197,23,0.381,0.62,200.5,68.0,334.3,241.3,465.7
7,auto-enforce-unc,pdr_log_0805_1441.csv,143,19,0.221,0.387,115.9,45.3,306.4,223.4,493.6
7,auto-enforce-unc,pdr_log_0805_1442.csv,131,2,0.675,0.758,278.4,57.4,732.2,114.1,67.79999999999995
42,none,pdr_log_0805_1438.csv,197,15,0.501,1.0,256.6,96.1,252.9,311.5,547.1
42,none,pdr_log_0805_1441.csv,143,16,0.334,1.0,152.1,71.9,291.0,138.0,509.0
42,none,pdr_log_0805_1442.csv,131,14,0.445,1.0,206.4,80.5,484.8,262.7,315.2
42,manual-enforce,pdr_log_0805_1438.csv,197,12,0.407,0.987,201.1,39.0,504.3,106.7,295.7
42,manual-enforce,pdr_log_0805_1441.csv,143,14,0.394,0.865,169.0,35.2,417.5,109.5,382.5
42,manual-enforce,pdr_log_0805_1442.csv,131,9,0.474,0.979,213.1,46.0,671.4,107.1,128.60000000000002
42,auto-enforce,pdr_log_0805_1438.csv,197,24,0.385,0.629,196.5,57.5,328.6,235.6,471.4
42,auto-enforce,pdr_log_0805_1441.csv,143,20,0.252,0.418,110.4,51.7,294.4,222.4,505.6
42,auto-enforce,pdr_log_0805_1442.csv,131,3,0.622,0.708,286.9,89.2,741.2,126.2,58.799999999999955
42,auto-enforce-unc,pdr_log_0805_1438.csv,197,22,0.377,0.615,197.4,57.7,360.3,237.0,439.7
42,auto-enforce-unc,pdr_log_0805_1441.csv,143,18,0.315,0.455,145.5,67.8,455.2,108.8,344.8
42,auto-enforce-unc,pdr_log_0805_1442.csv,131,2,0.682,0.759,280.1,58.6,731.7,115.7,68.29999999999995
100,none,pdr_log_0805_1438.csv,197,14,0.525,1.0,268.7,96.5,332.2,311.2,467.8
100,none,pdr_log_0805_1441.csv,143,16,0.35,1.0,159.8,77.1,304.1,137.1,495.9
100,none,pdr_log_0805_1442.csv,131,3,0.752,1.0,359.4,106.4,801.1,165.9,1.1000000000000227
100,manual-enforce,pdr_log_0805_1438.csv,197,12,0.396,0.99,196.5,37.4,506.9,106.5,293.1
100,manual-enforce,pdr_log_0805_1441.csv,143,14,0.387,0.904,171.6,35.5,430.8,109.2,369.2
100,manual-enforce,pdr_log_0805_1442.csv,131,11,0.476,0.981,214.8,47.0,598.9,109.3,201.10000000000002
100,auto-enforce,pdr_log_0805_1438.csv,197,24,0.394,0.625,200.6,63.2,281.2,236.0,518.8
100,auto-enforce,pdr_log_0805_1441.csv,143,21,0.233,0.399,101.0,53.1,292.2,225.9,507.8
100,auto-enforce,pdr_log_0805_1442.csv,131,3,0.618,0.707,284.2,83.1,735.9,122.2,64.10000000000002
100,auto-enforce-unc,pdr_log_0805_1438.csv,197,23,0.375,0.615,202.0,56.7,299.3,238.2,500.7
100,auto-enforce-unc,pdr_log_0805_1441.csv,143,19,0.249,0.417,126.0,58.2,334.8,223.7,465.2
100,auto-enforce-unc,pdr_log_0805_1442.csv,131,2,0.662,0.745,275.2,66.2,736.8,117.8,63.200000000000045
777,none,pdr_log_0805_1438.csv,197,15,0.5,1.0,257.2,107.8,264.3,311.4,535.7
777,none,pdr_log_0805_1441.csv,143,17,0.323,1.0,145.4,78.5,322.7,139.6,477.3
777,none,pdr_log_0805_1442.csv,131,2,0.715,1.0,341.0,94.0,803.8,119.5,3.7999999999999545
777,manual-enforce,pdr_log_0805_1438.csv,197,13,0.404,0.99,200.2,41.3,494.6,106.7,305.4
777,manual-enforce,pdr_log_0805_1441.csv,143,15,0.375,0.892,161.6,43.4,456.7,108.7,343.3
777,manual-enforce,pdr_log_0805_1442.csv,131,10,0.479,0.979,215.6,47.3,610.9,107.9,189.10000000000002
777,auto-enforce,pdr_log_0805_1438.csv,197,23,0.369,0.615,188.7,51.2,308.6,235.6,491.4
777,auto-enforce,pdr_log_0805_1441.csv,143,21,0.275,0.44,121.0,62.0,276.4,222.9,523.6
777,auto-enforce,pdr_log_0805_1442.csv,131,2,0.643,0.732,298.3,62.7,731.0,117.1,69.0
777,auto-enforce-unc,pdr_log_0805_1438.csv,197,22,0.383,0.628,205.0,57.0,330.8,236.7,469.2
777,auto-enforce-unc,pdr_log_0805_1441.csv,143,20,0.287,0.455,139.5,73.1,423.2,109.3,376.8
777,auto-enforce-unc,pdr_log_0805_1442.csv,131,2,0.662,0.752,272.3,69.3,729.3,119.9,70.70000000000005
2024,none,pdr_log_0805_1438.csv,197,13,0.522,1.0,266.8,123.6,369.9,310.4,430.1
2024,none,pdr_log_0805_1441.csv,143,16,0.355,1.0,162.6,74.2,302.7,139.2,497.3
2024,none,pdr_log_0805_1442.csv,131,15,0.469,1.0,219.0,96.8,485.4,258.3,314.6
2024,manual-enforce,pdr_log_0805_1438.csv,197,12,0.398,0.987,196.7,41.0,551.7,107.8,248.29999999999995
2024,manual-enforce,pdr_log_0805_1441.csv,143,13,0.379,0.873,168.8,36.2,428.1,107.1,371.9
2024,manual-enforce,pdr_log_0805_1442.csv,131,10,0.485,0.979,218.5,48.2,626.0,108.1,174.0
2024,auto-enforce,pdr_log_0805_1438.csv,197,24,0.393,0.628,200.5,69.5,317.5,236.9,482.5
2024,auto-enforce,pdr_log_0805_1441.csv,143,19,0.265,0.425,104.0,56.0,401.5,171.1,398.5
2024,auto-enforce,pdr_log_0805_1442.csv,131,2,0.635,0.723,294.8,56.9,729.6,119.1,70.39999999999998
2024,auto-enforce-unc,pdr_log_0805_1438.csv,197,22,0.37,0.613,197.7,52.5,292.5,236.1,507.5
2024,auto-enforce-unc,pdr_log_0805_1441.csv,143,20,0.226,0.386,119.1,54.7,293.6,225.4,506.4
2024,auto-enforce-unc,pdr_log_0805_1442.csv,131,2,0.677,0.769,280.4,48.6,731.3,119.5,68.70000000000005
